;Rent;Street;Hood;Total-Area;Rooms
0;2100;Estrada Caetano Monteiro;badu;69.0;3
1;1650;Estrada Caetano Monteiro;badu;70.0;2
2;4800;;badu;300.0;5
3;3500;Estrada Caetano Monteiro;badu;90.0;3
4;1300;391 Bloco 06;badu;82.0;2
5;1000;Estrada Caetano Monteiro;badu;60.0;2
6;4500;;badu;400.0;4
7;4500;;badu;250.0;4
8;27000;Estrada Francisco Da Cruz Nunes;badu;580.0;3
9;1450;;badu;60.0;2
10;12000;Estrada Alcebíades Pinto;badu;540.0;3
11;8000;;badu;300.0;6
12;12000;;badu;540.0;3
13;1237;Rua Hamilton Picanço;badu;143.0;3
14;1200;Estrada Caetano Monteiro, 4087;badu;57.0;2
15;5500;Estrada Monan Grande;badu;320.0;3
16;1800;;badu;130.0;4
17;7000;;badu;777.0;5
18;1500;Estrada Caetano Monteiro, 3825;badu;60.0;2
19;1200;Estrada Caetano Monteiro, 3825;badu;60.0;2
20;1500;Estrada Caetano Monteiro, 3825;badu;60.0;2
21;1500;Estrada Caetano Monteiro, 3825;badu;60.0;2
22;1300;Estrada Caetano Monteiro, 3825;badu;60.0;2
23;1300;Estrada Caetano Monteiro, 3825;badu;60.0;2
24;1600;;badu;40.0;3
25;3000;;badu;290.0;4
26;850;Estrada Caetano Monteiro, 3618;badu;100.0;3
0;598;Rua Doutor March;barreto;64.0;2
1;2600;Rua Doutor Camara Coutinho;barreto;120.0;3
2;1250;Rua Doutor March;barreto;57.0;2
3;1050;Rua General Castrioto;barreto;65.0;3
4;1100;Rua General Castrioto;barreto;300.0;2
5;1800;Rua Doutor Luiz Palmier, 1001;barreto;70.0;3
6;2500;;barreto;84.0;3
7;1500;Rua Doutor Luiz Palmier, 1001;barreto;60.0;2
8;8000;Rua Sá Pinto;barreto;80.0;2
9;800;Rua General Castrioto, 580;barreto;84.0;2
10;1000;Rua Doutor March;barreto;60.0;2
11;1000;Rua Doutor March;barreto;58.0;2
12;1200;Rua Doutor March;barreto;200.0;1
13;8000;Rua Sá Pinto, 47;barreto;43.0;2
14;1200;Rua Doutor Luiz Palmier, 280;barreto;90.0;2
15;1600;;barreto;58.0;2
16;1150;Rua Doutor March, 230;barreto;160.0;2,04
17;2100;Rua General Castrioto;barreto;50.0;2
18;1600;Rua Doutor March;barreto;58.0;2
19;950;230 Bloco C   Loc;barreto;50.0;2,04
20;1050;"Rua Doutor March,
                290";barreto;30.0;1
21;500;Travessa Alberto Coelho;barreto;55.0;2
22;1200;;barreto;68.0;2
23;750;Rua Doutor Luiz Palmier, 344;barreto;55.0;2
24;900;280 Torre 1;barreto;40.0;1
25;700;Rua General Estilac Leal, 82;barreto;60.0;2
26;600;Rua Doutor Luiz Palmier;barreto;0.0;2,04
0;1100;Estrada Velha De Maricá;baldeador;60.0;2
1;13000;;baldeador;2000.0;3
2;1800;;baldeador;25.0;3
3;1500;;baldeador;244.0;4
4;13000;;baldeador;2800.0;3
5;13000;Rodovia Amaral Peixoto, 0;baldeador;2000.0;3
0;1000;Rua Noronha Santos;boa-viagem;122.0;2
1;1500;Rua Domingos Sávio Nogueira Saad;boa-viagem;70.0;1
2;9810;Avenida Almirante Benjamin Sodré;boa-viagem;260.0;4
3;5000;Rua Edmundo March;boa-viagem;85.0;3
4;1600;Rua Roberto Rowley Mendes;boa-viagem;70.0;1
5;6000;Rua Antônio Parreiras, 139;boa-viagem;420.0;4
6;2700;;boa-viagem;77.0;2
7;1300;;boa-viagem;70.0;2
8;1700;Rua Roberto Rowley Mendes, 230;boa-viagem;75.0;2
9;8000;;boa-viagem;325.0;3
10;3500;;boa-viagem;42.0;1
11;1500;"Rua Edmundo March,
                47";boa-viagem;65.0;2
12;5500;;boa-viagem;200.0;4
13;1500;;boa-viagem;69.0;2
14;3200;;boa-viagem;85.0;2
15;11000;Avenida Almirante Benjamin Sodré, 374;boa-viagem;423.0;4
16;1500;Rua Roberto Rowley Mendes, 215;boa-viagem;80.0;2
17;1500;Rua Vera Crispino De Freitas, 157;boa-viagem;56.0;1
18;12490;Avenida Almirante Benjamin Sodré;boa-viagem;600.0;4
19;5500;Rua Antônio Parreiras;boa-viagem;572.0;5
20;5800;Rua Roberto Rowley Mendes;boa-viagem;102.0;3
21;5500;Rua Antônio Parreiras;boa-viagem;420.0;4
22;1800;Rua Antônio Parreiras;boa-viagem;75.0;2
23;2200;Rua Antônio Parreiras;boa-viagem;145.0;3
24;1700;Rua Edmundo March;boa-viagem;60.0;3
25;1400;;boa-viagem;45.0;1
26;2200;;boa-viagem;160.0;3
27;12000;374 401;boa-viagem;423.0;4
28;1000;Rua Vera Crispino De Freitas;boa-viagem;50.0;1
29;9000;;boa-viagem;500.0;4
0;2300;1036 Bloco 5 Cozumel;camboinhas;85.0;2
1;12000;;camboinhas;400.0;5
2;2800;1036 Bloco 17 Pucket;camboinhas;104.0;3
3;2500;;camboinhas;108.0;3
4;2400;;camboinhas;90.0;2
5;12000;76 Loc;camboinhas;400.0;5
6;1600;;camboinhas;45.0;1
7;1300;;camboinhas;37.0;1
8;3800;;camboinhas;186.0;3
9;8000;;camboinhas;950.0;5
10;2000000;;camboinhas;146.0;4
11;2100;;camboinhas;186.0;3
12;2500;Avenida Professor Florestan Fernandes  95;camboinhas;90.0;2
0;750;Rua São João;centro;30.0;1
1;1500;Rua Marquês De Paraná;centro;65.0;2
2;1850;Rua Barão Do Amazonas;centro;60.0;2
3;1768;Rua Visconde De Itaboraí;centro;80.0;2
4;2163;Rua Da Conceição;centro;86.0;6
5;1000;Avenida Feliciano Sodré;centro;90.0;2
6;500;Rua Da Conceição;centro;25.0;1
7;900;"Rua Da Conceição,
                95";centro;32.0;1
8;820;"Rua Doutor Borman,
                23";centro;30.0;1
9;1100;"Rua Da Conceição,
                95";centro;32.0;1
10;1590;Avenida Visconde Do Rio Branco;centro;70.0;2
11;850;Rua Visconde De Itaboraí;centro;80.0;2
12;1700;Avenida Ernani Do Amaral Peixoto;centro;47.0;1
13;1370;Rua São Pedro;centro;77.0;2
14;650;Rua Professor Heitor Carrilho;centro;20.0;1
15;890;Avenida Ernani Do Amaral Peixoto;centro;35.0;1
16;640;Rua Coronel Gomes Machado;centro;23.0;1
17;2900;"Rua Doutor Celestino,
                122";centro;45.0;1
18;1500;Rua Visconde De Sepetiba;centro;70.0;2
19;1410;Avenida Visconde Do Rio Branco;centro;75.0;2
20;950;"Rua Da Conceição,
                95";centro;33.0;1
21;1300;Saldanha Marinho;centro;61.0;2
22;500;Rua Da Conceição;centro;20.0;1
23;600;;centro;26.0;1
24;900;;centro;130.0;1
25;300;;centro;30.0;1
26;1500;Rua Visconde De Itaboraí 166;centro;150.0;1
27;600;;centro;30.0;1
28;500;;centro;38.0;1
29;350;;centro;46.0;1
30;1250;;centro;64.0;1
31;800;"Rua Visconde De Itaboraí,
                196";centro;52.0;2
32;1100;;centro;80.0;2
33;1200;;centro;33.0;1
34;1700;Rua Visconde De Sepetiba, 610;centro;130.0;3
35;5000;Rua São João, 259;centro;218.0;2
36;2500;;centro;65.0;2
37;1600;;centro;68.0;2
38;1000;;centro;60.0;2
39;8000;Rua Barão Do Amazonas, 415;centro;180.0;1
40;600;Avenida Ernani Do Amaral Peixoto, 71;centro;40.0;1
41;400;Avenida Ernani Do Amaral Peixoto;centro;18.0;1
42;800;;centro;27.0;1
43;15000;;centro;590.0;1
44;550;Rua Conceição;centro;37.0;1
45;5500;;centro;216.0;1
46;3500;;centro;210.0;1
47;45000;;centro;450.0;1
0;1300;Rua Quinze De Novembro;centro;27.0;1
1;12000;Avenida Marquês Do Paraná;centro;550.0;1
2;1500;;centro;28.0;1
3;1000;;centro;45.0;1
4;13000;Avenida Marquês Do Paraná;centro;550.0;1
5;35000;Rua Almirante Teffe;centro;500.0;1
6;2200;Rua Visconde De Sepetiba;centro;143.0;1
7;11800;;centro;550.0;1
8;1000;"Rua Da Conceição,
                95";centro;32.0;1
9;1200;"Rua Barão Do Amazonas,
                02";centro;45.0;2
10;1244;;centro;46.0;1
11;1500;;centro;50.0;1
12;960;Rua Visconde De Itaboraí;centro;72.0;2
13;2800;"Rua Luiz Leopoldo Fernandes Pinheiro,
                572";centro;120.0;1
14;950;Rua Da Conceição;centro;45.0;1
15;1400;;centro;50.0;2
16;2500;Rua Jornalista Roberto De Andrade;centro;200.0;4
17;3500;Rua Visconde Do Uruguai;centro;130.0;1
18;1200;Rua Xv De Novembro, 4;centro;45.0;1
19;980;Rua Marquês De Paraná;centro;71.0;2
20;1000;"Rua Doutor Celestino,
                122";centro;30.0;1
21;8000;Rua Almirante Teffe;centro;130.0;1
22;3700;Rua Visconde Do Uruguai;centro;160.0;1
23;500;Rua Coronel Gomes Machado;centro;32.0;1
24;1500;Rua Marquês De Paraná;centro;108.0;2
25;1100;"Rua Da Conceição,
                95";centro;32.0;1
26;2500;"Rua Da Conceição,
                143";centro;60.0;1
27;650;Avenida Ernani Do Amaral Peixoto;centro;35.0;1
28;690;Rua Visconde Do Uruguai;centro;45.0;1
29;1500;;centro;60.0;2
30;14000;Rua Doutor Celestino, 198;centro;180.0;1
31;1000;Rua Luiz Leopoldo Fernandes Pinheiro, 551;centro;54.0;1
32;600;Rua Da Conceição, 99;centro;20.0;1
33;990;Avenida Felíciano Sodré;centro;60.0;1
34;850;;centro;45.0;1
35;30000;;centro;700.0;1
36;30000;;centro;700.0;1
37;25000;;centro;405.0;1
38;2000;;centro;30.0;1
39;1200;Rua Da Conceição, 1881601;centro;45.0;1
40;2500;Rua Luiz Leopoldo Fernandes Pinheiro, 521;centro;120.0;1
41;15000;Rua Visconde De Sepetiba, 935;centro;382.0;1
42;1200;;centro;33.0;1
43;12000;;centro;550.0;1
44;1050;Rua Senador Nabuco;centro;60.0;1
45;1000;Rua Da Conceição, 99;centro;86.0;1
46;10000;Rua Quinze De Novembro, 94;centro;180.0;1
47;1000;Rua Jornalista Moacir Padilha, 70;centro;50.0;2
0;800;Rua Maestro Felício Toledo, 519;centro;38.0;1
1;1200;;centro;33.0;1
2;1400;Rua Visconde De Sepetiba, 50;centro;60.0;2
3;10000;Rua Doutor Celestino;centro;550.0;1
4;1150;;centro;28.0;1
5;6000;;centro;370.0;4
6;600;Rua Da Conceição;centro;25.0;1
7;10000;Rua Doutor Celestino, 198;centro;550.0;1
8;2100;Rua Da Conceição;centro;70.0;1
9;1200;;centro;33.0;1
10;900;;centro;24.0;1
11;1200;;centro;55.0;2
12;35000;;centro;500.0;1
13;1600;Rua Visconde De Itaboraí;centro;130.0;2
14;1380;Avenida Marquês Do Paraná;centro;68.0;3
15;1240;Rua Marechal Deodoro;centro;60.0;1
16;950;Rua Marechal Deodoro;centro;65.0;2
17;1100;Rua Da Conceição;centro;50.0;2
18;1200;Rua Marquês De Paraná;centro;88.0;1
19;1500;Rua Marquês De Paraná;centro;108.0;2
20;1390;Avenida Ernani Do Amaral Peixoto;centro;99.0;3
21;6000;;centro;210.0;1
22;1600;Avenida Ernani Do Amaral Peixoto, 96;centro;105.0;1
23;3500;Rua Marquês De Olinda;centro;225.0;4
24;1500;Rua Marquês De Paraná;centro;111.0;2
25;1500;Rua Marquês De Paraná;centro;108.0;2
26;1500;Rua Marquês De Paraná;centro;88.0;2
27;1500;;centro;20.0;1
28;1100;Rua Quinze De Novembro;centro;50.0;1
29;700;Rua Feliciano Sodré;centro;60.0;1
30;1200;Rua Marquês De Paraná;centro;91.0;1
31;1500;;centro;60.0;2
32;750;Avenida Ernani Do Amaral Peixoto, 436;centro;30.0;1
33;1290;Rua Maestro Felicio Toledo;centro;38.0;1
34;70000;;centro;3000.0;1
35;12000;;centro;550.0;1
36;1200;Rua Marquês De Paraná;centro;88.0;1
37;1200;Rua Marquês De Paraná;centro;88.0;1
38;750;Avenida Ernani Do Amaral Peixoto 370;centro;40.0;1
39;900;Avenida Visconde Do Rio Branco;centro;40.0;1
40;1000;Avenida Visconde Do Rio Branco;centro;50.0;1
41;1200;Rua Marquês De Paraná;centro;91.0;1
42;1100;Rua Quinze De Novembro, 90;centro;27.0;1
43;850;Rua Coronel Gomes Machado, 136;centro;35.0;1
44;500;Rua Da Conceição;centro;20.0;1
45;700;Avenida Felíciano Sodré;centro;60.0;1
46;640;Rua São João;centro;30.0;1
47;6000;;centro;150.0;1
0;1100;455 Loc;centro;50.0;1
1;3000;Rua Doutor Froes Da Cruz, 174;centro;200.0;4
2;2300;Travessa Cadete Xavier Leal, 23;centro;160.0;1
3;1500;Rua Maestro Felício Toledo, 551;centro;36.0;1
4;1500;Avenida Visconde Do Rio Branco;centro;54.0;2
5;1350;4 Torre Norte;centro;40.0;1
6;15000;Rua São Pedro;centro;588.0;1
7;1000;Rua José Clemente, 94;centro;40.0;1
8;600;;centro;40.0;1
9;1600;Avenida Ernani Do Amaral Peixoto, 96;centro;105.0;2
10;860;Rua Doutor Celestino;centro;50.0;1
11;1020;Rua São João, 217;centro;43.0;1
12;500;Avenida Ernani Do Amaral Peixoto;centro;32.0;1
13;800;;centro;24.0;1
14;650;Rua Maestro Felício Toledo, 495;centro;25.0;1
15;500;Rua Maestro Felício Toledo;centro;30.0;1
16;600;Rua Da Conceição;centro;40.0;1
17;1000;Rua Quinze De Novembro, 8;centro;30.0;1
18;500;Rua Da Conceição - Ed. Brasília;centro;23.0;1
19;950;;centro;30.0;1
20;500;Rua Coronel Gomes Machado, 174;centro;30.0;1
21;800;Rua Evaristo Da Veiga;centro;27.0;1
22;800;Avenida Ernani Do Amaral Peixoto;centro;30.0;1
23;500;Avenida Ernani Do Amaral Peixoto, 300;centro;29.0;1
24;20000;Rua Coronel Gomes Machado;centro;260.0;1
25;900;Rua São João;centro;26.0;1
26;600;Avenida Ernani Do Amaral Peixoto;centro;30.0;1
27;35000;Rua Quinze De Novembro, 4;centro;500.0;1
28;600;Avenida Ernani Do Amaral Peixoto, 36;centro;30.0;1
29;980;Avenida Ernani Do Amaral Peixoto;centro;42.0;1
30;640;Rua São João;centro;30.0;1
31;900;"Avenida Ernani Do Amaral Peixoto,
                96";centro;100.0;3
32;600;36 1003;centro;35.0;1
33;700;Rua Quinze De Novembro, 106;centro;30.0;1
34;1000;Rua Barão Do Amazonas, 2;centro;41.0;2
35;800;;centro;54.0;1
36;1400;Rua Doutor Borman, 13;centro;28.0;1
37;650;;centro;36.0;1
38;500;;centro;30.0;1
39;500;Rua Da Conceição;centro;20.0;1
40;650;Avenida Ernani Do Amaral Peixoto;centro;30.0;1
41;600;;centro;35.0;1
42;1000;;centro;36.0;1
43;730;Avenida Ernani Do Amaral Peixoto;centro;40.0;1
44;32000;;centro;570.0;1
45;500;"Avenida Ernani Do Amaral Peixoto,
                36";centro;33.0;1
46;600;"Avenida Visconde Do Rio Branco,
                633";centro;28.0;1
47;500;"Rua Coronel Gomes Machado,
                130";centro;30.0;1
0;1000;Rua Acadêmico Valter Gonçalves, 1;centro;43.0;1
1;1500;96 601;centro;110.0;3
2;950;Rua Doutor Borman, 43;centro;40.0;1
3;500;Rua Luiz Leopoldo Fernandes Pinheiro, 481;centro;28.0;1
4;1000;Rua Euzébio De Queirós, 15;centro;60.0;2
5;600;;centro;59.0;1
6;1090;;centro;29.0;1
7;1990;Rua Marechal Deodoro;centro;75.0;1
8;1200;Rua Quinze De Novembro, 4;centro;35.0;1
9;500;Avenida Ernani Do Amaral Peixoto, 300;centro;22.0;1
10;600;Rua Quinze De Novembro, 4;centro;29.0;1
11;1750;Rua Da Conceição, 95;centro;36.0;1
12;950;Rua Da Conceição;centro;35.0;1
13;1800;Rua Visconde De Sepetiba, 86;centro;70.0;2
14;600;Rua Quinze De Novembro, 94;centro;28.0;1
15;800;;centro;30.0;1
16;1500;;centro;90.0;2
17;950;Rua Visconde De Itaboraí;centro;67.0;2
18;980;;centro;75.0;2
19;500;Rua Da Conceição, 188;centro;39.0;1
20;450;Rua Doutor Borman, 13;centro;25.0;1
21;520;Avenida Ernani Do Amaral Peixoto, 300;centro;28.0;1
22;750;;centro;26.0;1
23;800;"Avenida Feliciano Sodré,
                95/904";centro;58.0;2
24;700;Rua Quinze De Novembro, 90;centro;29.0;1
25;640;Avenida Ernani Do Amaral Peixoto, 450;centro;35.0;1
26;1200;Rua Barão Do Amazonas, 2;centro;41.0;2
27;600;Avenida Felíciano Sodré;centro;45.0;1
28;600;Rua Doutor Borman, 13;centro;27.0;1
29;600;;centro;15.0;1
30;800;Rua Marechal Deodoro;centro;60.0;1
31;900;Rua  Dr  Borman, 10;centro;60.0;1
32;600;Rua Visconde De Rio Branco,;centro;20.0;1
33;600;;centro;30.0;1
34;1100;;centro;98.0;2
35;390;Rua Da Conceição, 137;centro;16.0;1
36;650;Rua Coronel Gomes Machado, 174;centro;35.0;1
37;350;;centro;56.0;1
38;500;;centro;22.0;1
39;600;;centro;26.0;1
40;500;Avenida Amaral Peixoto;centro;24.0;1
41;599;Rua Coronel Gomes Machado, 174;centro;30.0;1
42;550;Rua Da Conceição, 99;centro;25.0;1
43;600;Maestro Felicio Toledo 500;centro;40.0;1
44;100000;Rua Coronel Gomes Machado 173;centro;16.0;1
45;150;Amaral Peixoto 347;centro;2.0;1
46;400;Rua Da Conceição 101;centro;28.0;1
47;390;Av. Ernani Amaral Peixoto 460 405;centro;32.0;1
0;800;Rua Suiça  07;cubango;70.0;2
0;680;Estrada Francisco Da Cruz Nunes;cantagalo;60.0;2
0;2800;Avenida Prefeito Sylvio Picanço;charitas;113.0;3
1;3162;Rua São Caetano;charitas;170.0;4
2;1950;Rua Leonel Magalhães;charitas;80.0;2
3;1950;;charitas;35.0;2
4;2200;;charitas;38.0;2
5;2100;;charitas;88.0;2
6;1850;;charitas;26.0;2
7;1850;;charitas;26.0;2
8;2250;;charitas;35.0;2
9;2250;;charitas;38.0;2
10;2000;;charitas;80.0;2
11;1800;;charitas;36.0;2
12;1950;;charitas;80.0;2
13;2900;Rua Madre Maria Victoria;charitas;102.0;2
14;2500;;charitas;85.0;2
15;2500;;charitas;84.0;2
16;2150;Rua Madre Maria Victoria, 30;charitas;75.0;2
17;2700;Avenida Sílvio Picanço, 615;charitas;90.0;2
18;15000;;charitas;515.0;2
19;2500;Rua Juiz Alberto Nader, 77;charitas;85.0;2
20;2500;Rua Marechal Raul De Albuquerque, 2;charitas;24.0;2
21;1750;;charitas;26.0;2
22;4500;273 Bloco 1;charitas;110.0;3
23;2850;;charitas;118.0;3
24;2700;Rua Madre Maria Victoria, 1;charitas;102.0;2
25;2300;;charitas;100.0;2
26;1800;Rua Clotilde Maria Linhares Pinsky, 1;charitas;60.0;1
27;1150;"Rua Clotilde Maria Linhares Pinsky,
                1";charitas;45.0;1
28;4500;;charitas;450.0;4
29;45000;Rua Madre Maria Victória  90;charitas;70.0;2
0;1220;Rua Riodades;fonseca;80.0;2
1;1260;Avenida Professor João Brasil;fonseca;80.0;2
2;1920;Travessa Manoel Benício;fonseca;80.0;2
3;1050;Alameda São Boaventura;fonseca;120.0;3
4;2200;Travessa Victor Pestre;fonseca;171.0;4
5;1090;Rua Conrado Barbosa De Souza;fonseca;70.0;2
6;950;Rua Riodades;fonseca;60.0;2
7;1300;Travessa Silvestre Cabral;fonseca;90.0;2
8;1800;;fonseca;158.0;3
9;8000;;fonseca;500.0;2
10;900;Rua Professora Lilian Lemos Mercadette;fonseca;60.0;2
11;1000;Alameda São Boa Ventura, 369;fonseca;90.0;3
12;1400;Rua Coronel José Teixeira, 100;fonseca;74.0;2
13;900;Rua Doutor Carlos Imbassahy, 48;fonseca;55.0;2
14;680;"Rua Ilka Brasil Barbosa,
                120";fonseca;40.0;1
15;700;Rua São Geraldo;fonseca;55.0;2
16;1250;Alameda São Boaventura;fonseca;57.0;2
17;800;Avenida Professor João Brasil;fonseca;58.0;2
18;1100;Rua Sá Barreto;fonseca;70.0;2
19;1000;;fonseca;65.0;2
20;1400;;fonseca;94.0;3
21;900;;fonseca;42.0;2
22;60000;Alameda São Boa Ventura, 121;fonseca;750.0;2
23;990;;fonseca;55.0;2
24;1000;Alameda São Boa Ventura, 1096;fonseca;70.0;2
25;15000;;fonseca;273.0;2
26;8000;;fonseca;150.0;4
27;5000;Rua Professora Zuleica Brasil Silva, 7;fonseca;800.0;2
28;690;Alameda São Boaventura;fonseca;75.0;2
29;1500;;fonseca;50.0;2
30;900;Alameda São Boaventura;fonseca;85.0;2
31;800;Rua Riodades, 145;fonseca;51.0;2
32;1000;Alameda São Boaventura;fonseca;56.0;2
33;4080;Alameda Boaventura;fonseca;300.0;5
34;1150;;fonseca;70.0;2
35;8000;Alameda São Boaventura;fonseca;500.0;5
36;1200;Avenida Professor João Brasil, 366;fonseca;78.0;2
37;1160;Rua São José, 67;fonseca;75.0;2
38;3100;;fonseca;192.0;2
39;15000;;fonseca;1400.0;2
40;1000;Alameda São Boa Ventura, 210;fonseca;68.0;2
41;1000;;fonseca;60.0;2
42;600;;fonseca;40.0;1
43;19900;Rua Desembargador Lima Castro, 66;fonseca;1100.0;2
44;1000;;fonseca;60.0;2
45;1300;;fonseca;50.0;2
46;1500;802 Sobrado Casa 22;fonseca;100.0;3
47;1400;987 Bloco A;fonseca;55.0;2
0;3500;60 Casa;fonseca;145.0;4
1;4900;Alameda São Boa Ventura;fonseca;87.0;2
2;520;Rua Conrado Barbosa De Souza;fonseca;46.0;2
3;1300;Rua Desembargador Lima Castro;fonseca;110.0;4
4;3500;Avenida Vinte E Dois De Novembro, 0;fonseca;250.0;5
5;970;Alameda São Boaventura;fonseca;60.0;2
6;820;Rua Lopes Cunha;fonseca;50.0;2
7;2300;Avenida Vinte E Dois De Novembro;fonseca;100.0;2
8;1120;1029 Bloco 4;fonseca;82.0;2
9;600;Rua Sá Barreto, 98;fonseca;66.0;2
10;800;;fonseca;60.0;2
11;17000;;fonseca;400.0;2
12;3500;;fonseca;69.0;2
13;1200;Rua Desembargador Lima Castro;fonseca;85.0;2
14;900;;fonseca;50.0;2
15;850;Rua Desembargador Lima Castro, 102;fonseca;80.0;2
16;2800;;fonseca;54.0;2
17;700;Rua Lopes Da Cunha;fonseca;20.0;1
18;35000;Alameda São Boa Ventura, 665;fonseca;1100.0;2
19;4900;;fonseca;87.0;2
20;1500;Alameda São Boa Ventura, 802;fonseca;98.0;3
21;1200;802. Loc 22 Térrea;fonseca;100.0;2
22;1800;;fonseca;80.0;2
23;700;Alameda São Boa Ventura, 540;fonseca;23.0;2
24;800;Alameda São Boa Ventura, 690;fonseca;55.0;2
25;700;"Travessa Vítor Pestre,
                102";fonseca;45.0;2
26;620;Rua Riodades;fonseca;75.0;2
27;700;;fonseca;60.0;2
28;1000;"Rua Desembargador Lima Castro,
                113";fonseca;88.0;3
29;700;Rua Riodades, 145;fonseca;60.0;2
30;900;;fonseca;60.0;2
31;900;;fonseca;60.0;2
32;700;"Travessa Vítor Pestre,
                102";fonseca;55.0;2
33;900;200 308 Bloc 05;fonseca;48.0;2
34;800;Rua Zoraida Brasil Alcântara;fonseca;60.0;2
35;750;96 Bloco;fonseca;65.0;2
36;1490;Rua Maximiniano, 182;fonseca;280.0;3
37;730;Rua Doutor Carlos Imbassahy;fonseca;55.0;2
38;700;;fonseca;55.0;2
39;500;;fonseca;35.0;1
40;750;Alameda São Boa Ventura, 692;fonseca;46.0;2
41;800;"Rua Desembargador Lima Castro,
                282";fonseca;70.0;2
42;900;;fonseca;75.0;3
43;500;Rua São Geraldo, 135;fonseca;62.0;1
44;500;Rua Riodades;fonseca;60.0;2
45;600;135 Loc;fonseca;65.0;2
46;750;"Alameda São Boaventura,
                931";fonseca;30.0;1
47;500;"Travessa Vítor Pestre,
                102";fonseca;45.0;1
0;520;Rua Conrado Barbosa De Souza;fonseca;42.0;2
0;2440;Rua Arídio Martins;fatima;88.0;3
1;850;Rua Manoel Corrêa;fatima;15.0;1
2;680;Rua Manoel Corrêa;fatima;15.0;1
3;850;Rua Manoel Corrêa;fatima;15.0;1
4;680;Rua Manoel Corrêa;fatima;15.0;1
5;1000;"Rua Andrade Pinto,
                18";fatima;45.0;1
6;680;Rua Manoel Corrêa;fatima;15.0;1
7;950;Rua Monsenhor Macedo;fatima;61.0;3
8;890;Rua Saud Salomão Saud, 28;fatima;60.0;2
9;1200;;fatima;75.0;2
10;1850;;fatima;70.0;2
11;900;Rua Arídio Martins;fatima;65.0;2
12;1100;Rua Princesa Isabel;fatima;15.0;1
13;1100;;fatima;45.0;1
14;1500;;fatima;60.0;3
15;1400;;fatima;70.0;2
16;1200;Rua Arídio Martins;fatima;65.0;2
17;900;Rua Aridio Martins, 50;fatima;65.0;2
18;1100;;fatima;50.0;1
19;1500;;fatima;90.0;2
20;700;Rua Monsenhor Macedo, 2;fatima;60.0;2
21;650;;fatima;30.0;1
22;650;;fatima;30.0;1
0;2500;;gragoata;56.0;1
1;2300;;gragoata;116.0;1
2;1700;;gragoata;42.0;1
3;1500;;gragoata;80.0;1
4;1072;Avenida General Milton Tavares De Souza;gragoata;85.0;3
5;1000;Rua Engenheiro Roberto Velasco Cardoso;gragoata;56.0;1
6;950;Rua Eng. Roberto V. Cardoso;gragoata;58.0;1
7;2300;;gragoata;75.0;3
8;2500;Rua Engenheiro Roberto Velasco Cardoso, 321;gragoata;56.0;1
9;420;Coronel Tamarindo  00000000000000000000;gragoata;40000.0;1
0;2000;Rua Miguel De Frias;icarai;50.0;1
1;3200;Rua Dom Bosco;icarai;114.0;3
2;1500;Rua General Pereira Da Silva;icarai;150.0;4
3;1480;Rua Domingues De Sá;icarai;70.0;1
4;1100;Avenida Jornalista Alberto Francisco Torres;icarai;40.0;1
5;2000;Rua Mem De Sá;icarai;100.0;3
6;1300;Rua Joaquim Távora;icarai;66.0;1
7;2500;Rua General Pereira Da Silva;icarai;140.0;3
8;3570;Rua Álvares De Azevedo;icarai;99.0;3
9;2600;Rua Joaquim Távora;icarai;110.0;3
10;2200;Rua Álvares De Azevedo;icarai;40.0;1
11;2000;Rua Álvares De Azevedo;icarai;150.0;3
12;2600;Rua Gavião Peixoto;icarai;114.0;4
13;1999;Rua Ministro Otávio Kelly;icarai;84.0;2
14;1900;Avenida Roberto Silveira;icarai;50.0;1
15;1872;Rua Lemos Cunha;icarai;95.0;3
16;2150;Rua Coronel Moreira César;icarai;84.0;1
17;1260;Rua Ministro Otávio Kelly;icarai;76.0;2
18;2000;Avenida Almirante Ary Parreiras;icarai;110.0;4
19;1410;Rua Presidente Backer;icarai;70.0;1
20;2500;Avenida Sete De Setembro;icarai;160.0;3
21;2000;Rua Doutor Tavares De Macedo;icarai;70.0;2
22;2100;Rua Álvares De Azevedo;icarai;120.0;3
23;2800;Rua Nóbrega;icarai;70.0;2
24;1810;Otávio Carneiro;icarai;80.0;3
25;1400;Avenida Jornalista Alberto Francisco Torres;icarai;85.0;3
26;2130;Rua Ministro Otávio Kelly;icarai;89.0;2
27;2300;Rua Coronel Moreira Cesar;icarai;80.0;2
28;1800;Rua Miguel De Frias;icarai;98.0;3
29;2220;Rua Gavião Peixoto;icarai;100.0;4
30;1860;Rua Ministro Otávio Kelly;icarai;85.0;2
31;2000;Rua Doutor Carlos Halfeld;icarai;120.0;2
32;1850;Rua Comendador Queirós;icarai;69.0;2
33;1880;Avenida Roberto Silveira;icarai;45.0;1
34;2300;Rua Mario Alves;icarai;85.0;2
35;2000;Rua Coronel Moreira Cesar;icarai;87.0;2
36;2000;Rua General Pereira Da Silva;icarai;87.0;2
37;2000;Otavio Carneiro;icarai;40.0;1
38;1950;Travessa Capitão Zeferino;icarai;75.0;2
39;1360;Travessa Doutor Roberto Tortelly;icarai;110.0;3
40;1250;;icarai;64.0;2
41;1000;;icarai;45.0;2
42;1800;Rua Lemos Cunha, 532;icarai;60.0;2
43;2300;;icarai;100.0;3
44;1500;;icarai;60.0;2
45;2000;;icarai;90.0;3
46;1500;Rua Presidente Backer, 234;icarai;71.0;2
47;1800;Rua Lemos Cunha, 532;icarai;60.0;2
0;1400;Rua Lemos Cunha, 532;icarai;45.0;1
1;4500;;icarai;130.0;3
2;2000;Rua Cinco De Julho, 344;icarai;80.0;3
3;1400;Rua Mariz E Barros, 252;icarai;61.0;2
4;4200;Rua Álvares De Azevedo, 121;icarai;180.0;3
5;5700;Avenida Jornalista Alberto Francisco Torres, 85;icarai;195.0;4
6;1600;Rua Mariz E Barros, 15;icarai;45.0;1
7;4000;Rua Domingues De Sá, 428;icarai;110.0;2
8;3500;Rua Otávio Carneiro, 77;icarai;81.0;2
9;2250;Rua Coronel Moreira Cesar, 81;icarai;108.0;3
10;1200;Rua Santa Rosa, 104;icarai;65.0;2
11;1800;;icarai;80.0;2
12;1100;Rua Miguel De Frias;icarai;45.0;1
13;10000;Rua Mariz E Barros;icarai;278.0;6
14;1400;Rua Santa Rosa;icarai;115.0;2
15;8000;Avenida Jornalista Alberto Francisco Torres;icarai;158.0;4
16;1900;Rua Ministro Otávio Kelly, 467;icarai;85.0;2
17;800;Rua Doutor Paulo César;icarai;60.0;2
18;2600;Avenida Jornalista Alberto Francisco Torres, 55;icarai;60.0;2
19;1200;Rua Domingues De Sá, 206;icarai;70.0;1
20;1300;;icarai;71.0;2
21;4000;;icarai;79.0;2
22;1200;;icarai;53.0;2
23;1400;;icarai;80.0;2
24;3000;;icarai;46.0;2
25;2000;407 Loc;icarai;110.0;3
26;1900;178;icarai;62.0;2
27;1300;;icarai;40.0;1
28;950;;icarai;22.0;1
29;1143;;icarai;31.0;2
30;1100;Rua Domingues De Sá;icarai;120.0;3
31;1500;Rua Gavião Peixoto;icarai;130.0;3
32;1600;Rua Mem De Sá;icarai;130.0;3
33;5500;"Avenida Jornalista Alberto Francisco Torres,
                85";icarai;168.0;4
34;900;Rua Lopes Trovão;icarai;30.0;2
35;4500;;icarai;154.0;4
36;2900;;icarai;81.0;2
37;22000;;icarai;280.0;2
38;1900;Avenida Jornalista Alberto Francisco Torres 77;icarai;90.0;3
39;3800;;icarai;142.0;4
40;1500;;icarai;83.0;2
41;3800;;icarai;142.0;3
42;15000;;icarai;800.0;2
43;1800;;icarai;180.0;4
44;5800;;icarai;159.0;4
45;5500;;icarai;232.0;4
46;2400;;icarai;114.0;3
47;2997;Rua Osvaldo Cruz;icarai;120.0;4
0;3500;;icarai;75.0;2
1;1200;;icarai;130.0;4
2;5300;Alameda Jornalista José Geraldo Da Costa;icarai;250.0;3
3;6000;;icarai;300.0;4
4;1500;;icarai;33.0;2
5;800;Rua Lopes Trovão;icarai;30.0;2
6;2500;Rua Cinco De Julho;icarai;25.0;2
7;3000;;icarai;125.0;2
8;1400;Rua Mem De Sá;icarai;32.0;2
9;3100;Rua Miguel De Frias,  210;icarai;120.0;2
10;1500;Rua Mariz E Barros;icarai;100.0;2
11;2600;;icarai;50.0;1
12;3000;Rua Álvares De Azevedo;icarai;150.0;4
13;850;"Rua Miguel De Frias,
                206/809";icarai;25.0;2
14;2200;;icarai;130.0;3
15;2300;Avenida Almirante Ari Parreiras;icarai;37.0;1
16;2500;;icarai;140.0;4
17;4400;Rua Oswaldo Cruz, 41;icarai;130.0;4
18;4000;Avenida Jornalista Alberto Francisco Torres;icarai;74.0;2
19;1400;;icarai;140.0;3
20;1500;Rua Doutor Tavares De Macedo;icarai;68.0;2
21;6000;;icarai;80.0;2
22;5900;;icarai;450.0;2
23;1500;Avenida Roberto Silveira;icarai;75.0;2
24;1500;;icarai;85.0;2
25;2500;;icarai;90.0;2
26;5500;;icarai;280.0;4
27;2300;Rua Joaquim Távora;icarai;90.0;2
28;8000;;icarai;350.0;4
29;2500;;icarai;130.0;3
30;2500;Rua Cinco De Julho;icarai;25.0;2
31;6118;Rua Gavião Peixoto;icarai;150.0;2
32;3500;;icarai;130.0;3
33;1700;;icarai;75.0;2
34;2000;Rua Gavião Peixoto;icarai;90.0;3
35;7000;;icarai;400.0;4
36;1800;;icarai;80.0;2
37;2100;;icarai;110.0;4
38;2200;Rua Coronel Moreira Cesar;icarai;70.0;2
39;1600;;icarai;100.0;2
40;1600;Travessa Joaquim De Oliveira Rocha;icarai;55.0;2
41;3500;;icarai;155.0;2
42;8500;;icarai;234.0;4
43;2200;;icarai;80.0;2
44;1400;Rua Gavião Peixoto, 407;icarai;120.0;3
45;4300;;icarai;161.0;3
46;4000;;icarai;130.0;3
47;5500;;icarai;128.0;4
0;6000;Avenida Jornalista Alberto Francisco Torres;icarai;148.0;4
1;4500;;icarai;60.0;2
2;1500;Rua Joaquim Távora;icarai;110.0;3
3;2100;;icarai;135.0;3
4;1500;27 Apto;icarai;90.0;3
5;1300;;icarai;72.0;2
6;4400;;icarai;141.0;3
7;2300;Rua Cinco De Julho;icarai;57.0;1
8;2500;;icarai;90.0;2
9;1650;;icarai;75.0;2
10;2760;Rua Gavião Peixoto;icarai;64.0;2
11;1400;;icarai;80.0;2
12;25000;;icarai;430.0;2
13;1400;Rua Álvares De Azevedo;icarai;70.0;2
14;2500;;icarai;140.0;3
15;3900;;icarai;149.0;2
16;2900;Rua Lopes Trovão;icarai;30.0;2
17;2200;Avenida Roberto Silveira;icarai;130.0;3
18;60000;;icarai;900.0;2
19;12000;;icarai;120.0;2
20;3358;Rua Gavião Peixoto;icarai;80.0;2
21;1500;;icarai;34.0;2
22;1500;Avenida Almirante Ary Parreiras, 87;icarai;75.0;2
23;1300;Rua Presidente Backer;icarai;79.0;2
24;6500;Travessa Dom Bosco;icarai;200.0;2
25;1200;Rua Domingues De Sá, 293;icarai;28.0;2
26;12000;Rua Mariz E Barros;icarai;120.0;2
27;3800;"Rua Mem De Sá,
                143";icarai;70.0;2
28;1380;Rua Gavião Peixoto;icarai;32.0;2
29;1700;;icarai;75.0;2
30;7000;;icarai;270.0;6
31;1100;;icarai;52.0;1
32;1500;Rua Joaquim Távora;icarai;140.0;3
33;2900;;icarai;98.0;2
34;6500;Avenida Jornalista Alberto Francisco;icarai;130.0;4
35;5000;;icarai;100.0;2
36;1200;"Avenida Almirante Ary Parreiras,
                15";icarai;25.0;1
37;8000;;icarai;451.0;4
38;900;Rua Miguel De Frias;icarai;30.0;2
39;1200;Rua Doutor Tavares De Macedo;icarai;55.0;1
40;5000;Avenida Jornalista Alberto Francisco Torres, 251;icarai;400.0;4
41;1900;Rua Mem De Sá, 163;icarai;100.0;3
42;1500;;icarai;68.0;2
43;2300;;icarai;128.0;3
44;1900;Rua Ministro Otávio Kelly, 467;icarai;85.0;2
45;2900;;icarai;145.0;4
46;7800;;icarai;237.0;3
47;13000;Rua Geraldo Martins, 198;icarai;232.0;2
0;6000;Avenida Jornalista Alberto Francisco Torres;icarai;240.0;4
1;4700;;icarai;105.0;3
2;3300;Travessa Francisco Dutra, 150;icarai;120.0;3
3;5000;Rua Presidente João Pessoa, 57;icarai;400.0;5
4;1300;Avenida Sete De Setembro, 279;icarai;65.0;2
5;2800;;icarai;110.0;3
6;25000;Avenida Jornalista Alberto Francisco Torres, 329;icarai;372.0;4
7;2900;Rua Ministro Otávio Kelly, 499;icarai;92.0;2
8;1800;;icarai;84.0;2
9;4000;Rua Coronel Moreira Cesar, 179;icarai;220.0;4
10;2950;;icarai;149.0;3
11;1850;Rua Ministro Otávio Kelly, 467;icarai;77.0;2
12;2750;;icarai;85.0;2
13;6900;;icarai;202.0;4
14;3590;Rua Cinco De Julho, 267;icarai;142.0;4
15;3590;Rua Cinco De Julho, 267;icarai;142.0;4
16;20000;;icarai;677.0;2
17;3200;Avenida Jornalista Alberto Francisco Torres, 177;icarai;250.0;3
18;2200;;icarai;83.0;2
19;2500;;icarai;25.0;2
20;2600;Rua General Pereira Da Silva, 185;icarai;110.0;3
21;2000;Rua Lopes Trovão, 127;icarai;100.0;3
22;2997;;icarai;120.0;4
23;1400;Avenida Almirante Ari Parreiras, 403;icarai;80.0;2
24;17000;Rua Nóbrega, 264;icarai;300.0;2
25;1100;Avenida Almirante Ari Parreiras, 636;icarai;95.0;2
26;20000;;icarai;548.0;2
27;1490;Travessa Dom Bosco, 43;icarai;136.0;4
28;3600;;icarai;209.0;4
29;6000;Rua Osvaldo Cruz, 36;icarai;296.0;4
30;2300;Rua Coronel Moreira Cesar, 330;icarai;110.0;3
31;2300;Rua Doutor Carlos Halfeld, 10;icarai;90.0;2
32;1980;;icarai;75.0;2
33;3500;Rua Professor Miguel Couto, 378;icarai;134.0;4
34;1980;;icarai;85.0;2
35;4800;Rua Mariz E Barros, 25;icarai;130.0;3
36;2500;;icarai;110.0;3
37;1000;Avenida Jornalista Alberto Francisco Torres;icarai;63.0;1
38;19000;;icarai;500.0;2
39;1800;Rua Guilherme Geenhalch, 29;icarai;90.0;3
40;2600;Rua General Pereira Da Silva, 75;icarai;78.0;3
41;1700;;icarai;96.0;3
42;1200;Travessa Dom Bosco, 85;icarai;79.0;2
43;17000;Rua Nóbrega, 264;icarai;300.0;2
44;17000;Rua Nóbrega, 264;icarai;300.0;2
45;2000;;icarai;70.0;2
46;4500;;icarai;108.0;2
47;2500;;icarai;130.0;4
0;2472;;icarai;110.0;3
1;1200;;icarai;101.0;2
2;5500;Travessa Dom Bosco;icarai;230.0;2
3;2200;Rua Gavião Peixoto, 27;icarai;100.0;2
4;1500;;icarai;35.0;2
5;1600;Rua Doutor Tavares De Macedo, 20;icarai;76.0;2
6;1500;;icarai;68.0;2
7;1350;Avenida Almirante Ary Parreiras;icarai;75.0;2
8;6000;6 0 Loc;icarai;180.0;4
9;1300;Rua Mariz E Barros, 176;icarai;101.0;2
10;4000;Rua Lopes Trovão;icarai;216.0;4
11;5000;Rua Presidente João Pessoa, 299;icarai;260.0;2
12;1500;Rua Lopes Trovão, 294;icarai;60.0;1
13;4500;Rua Mem De Sá;icarai;161.0;3
14;1900;;icarai;85.0;3
15;1560;;icarai;118.0;3
16;1800;Rua Joaquim Távora, 122;icarai;57.0;1
17;2500;;icarai;140.0;3
18;1350;Rua Mariz E Barros, 176;icarai;42.0;2
19;2700;Avenida Jornalista Alberto Francisco Torres, 119;icarai;130.0;3
20;4200;Rua Presidente João Pessoa, 299;icarai;125.0;2
21;4000;;icarai;220.0;4
22;2300;;icarai;37.0;1
23;1800;;icarai;85.0;2
24;3000;Rua Álvares De Azevedo;icarai;140.0;4
25;1600;Avenida Jornalista Alberto Francisco Torres, 69;icarai;60.0;2
26;3500;;icarai;74.0;2
27;2200;Avenida Roberto Silveira;icarai;130.0;3
28;3200;Rua Coronel Moreira Cesar, 81;icarai;122.0;3
29;2800;;icarai;217.0;4
30;1500;;icarai;70.0;2
31;2800;Rua Coronel Moreira Cesar;icarai;30.0;2
32;2000;;icarai;90.0;3
33;1700;Rua Coronel Moreira Cesar, 264;icarai;80.0;2
34;2200;Rua Miguel De Frias, 44;icarai;110.0;3
35;2200;Rua Domingues De Sá, 340;icarai;120.0;3
36;1750;;icarai;40.0;1
37;1300;;icarai;78.0;2
38;5000;;icarai;80.0;2
39;3500;Rua Coronel Moreira Cesar;icarai;221.0;4
40;5500;Rua Mem De Sá;icarai;130.0;3
41;1600;Rua Doutor Tavares De Macedo, 10;icarai;73.0;2
42;6000;;icarai;80.0;2
43;6000;;icarai;80.0;2
44;2100;Rua Gavião Peixoto, 343;icarai;95.0;3
45;5200;Avenida Jornalista Alberto Francisco Torres;icarai;150.0;3
46;2200;Avenida Roberto Silveira, 496;icarai;130.0;3
47;2600;Rua Coronel Moreira Cesar, 330;icarai;143.0;3
0;9500;Rua Gavião Peixoto, 387;icarai;175.0;2
1;1200;Rua General Silvestre Rocha;icarai;59.0;1
2;2100;Rua Joaquim Távora;icarai;100.0;3
3;1700;Rua Otávio Carneiro;icarai;70.0;2
4;2500;Rua Cinco De Julho, 190;icarai;25.0;2
5;2000;;icarai;90.0;3
6;1380;Rua Gavião Peixoto;icarai;120.0;3
7;1100;Avenida Sete De Setembro;icarai;67.0;2
8;1800;Rua Coronel Moreira Cesar;icarai;90.0;2
9;2000;Rua Professor Miguel Couto;icarai;120.0;4
10;2100;Rua Mem De Sá;icarai;160.0;2
11;1750;Avenida Sete De Setembro;icarai;85.0;3
12;1375;Avenida Almirante Ary Parreiras;icarai;75.0;2
13;3800;Rua Coronel Moreira César;icarai;125.0;3
14;2000;Rua Lopes Trovão;icarai;217.0;5
15;1200;;icarai;55.0;1
16;3485;Travessa Dom Bosco;icarai;140.0;3
17;1300;Rua Joaquim Távora;icarai;78.0;2
18;1300;Rua Coronel Moreira Cesar;icarai;80.0;2
19;2130;Avenida Roberto Silveira;icarai;115.0;3
20;2000;Rua Doutor Mario Viana;icarai;55.0;2
21;2500;Avenida Marquês Do Paraná;icarai;60.0;2
22;1850;Rua  Dr. Paulo César;icarai;75.0;2
23;12000;Rua Joaquim Távora;icarai;154.0;3
24;1600;Rua Santa Rosa;icarai;110.0;3
25;2960;Rua Belisario Augusto;icarai;110.0;4
26;1408;Avenida Sete De Setembro;icarai;70.0;2
27;1500;Avenida Jornalista Alberto Francisco Torres;icarai;90.0;3
28;1378;Rua Joaquim Távora;icarai;149.0;4
29;2200;Avenida Jornalista Alberto Francisco Torres;icarai;60.0;2
30;5800;Rua Osvaldo Cruz;icarai;310.0;4
31;1880;;icarai;65.0;2
32;1500;Travessa Dom Bosco, 85;icarai;110.0;3
33;4500;Rua Mariz E Barros;icarai;130.0;3
34;3800;Rua Presidente João Pessoa;icarai;300.0;4
35;3000;Rua Osvaldo Cruz;icarai;114.0;4
36;7000;Av. Jorn. Alberto Francisco Torres;icarai;197.0;4
37;9000;Avenida Jornalista Alberto Francisco Torres;icarai;350.0;4
38;4850;Avenida Almirante Ary Parreiras;icarai;266.0;4
39;3000;Rua Mem De Sá;icarai;110.0;3
40;2500;Rua Joaquim Távora;icarai;170.0;3
41;8000;Avenida Jornalista Alberto Francisco Torres;icarai;170.0;4
42;10000;Av. Jorn. Alberto Francisco Torres;icarai;180.0;4
43;3000;Rua Álvares De Azevedo;icarai;140.0;4
44;1500;Avenida Almirante Ary Parreiras;icarai;88.0;2
45;2000;Rua Coronel Moreira Cesar;icarai;80.0;2
46;2200;Avenida Roberto Silveira, 496;icarai;120.0;3
47;2000;Rua Belisário Augusto;icarai;80.0;3
0;1350;Rua Presidente Pedreira;inga;58.0;2
1;3060;Rua Doutor Nilo Peçanha;inga;110.0;3
2;1330;Rua Presidente Pedreira;inga;150.0;3
3;1200;Rua São Sebastião;inga;75.0;3
4;2600;Rua Tiradentes;inga;70.0;2
5;1500;Rua Doutor Paulo Alves;inga;80.0;2
6;1924;Rua Tiradentes;inga;60.0;2
7;1200;Rua Fagundes Varela;inga;70.0;2
8;1150;Rua Pereira Nunes;inga;70.0;1
9;1600;Rua Fagundes Varela;inga;80.0;2
10;2500;Rua Fagundes Varela;inga;90.0;2
11;1500;Rua Doutor Paulo Alves;inga;90.0;2
12;1900;;inga;280.0;2
13;1400;Rua Pereira Nunes;inga;70.0;2
14;1600;Rua Doutor Nilo Peçanha;inga;190.0;4
15;1500;Rua Visconde Morais;inga;135.0;3
16;1540;Rua Doutor Nilo Peçanha;inga;85.0;2
17;1800;110 Bloco B Loc;inga;101.0;3
18;2000;96 Loc Apartamento;inga;93.0;2
19;1500;Rua Pereira Nunes;inga;45.0;1
20;1000;Rua Doutor Araújo Pimenta;inga;65.0;2
21;6300;;inga;170.0;4
22;2700;"Rua Doutor Nilo Peçanha,
                110";inga;90.0;2
23;2900;;inga;86.0;2
24;1500;;inga;60.0;2
25;6500;;inga;170.0;3
26;2400;;inga;150.0;3
27;1300;;inga;80.0;2
28;1700;;inga;65.0;2
29;2000;;inga;80.0;2
30;4500;;inga;290.0;4
31;3500;;inga;140.0;4
32;2300;;inga;76.0;2
33;4000;;inga;200.0;3
34;2300;;inga;100.0;3
35;1500;Rua Tiradentes, 200;inga;140.0;3
36;1000;Rua Visconde De Morais, 232;inga;50.0;1
37;2400;;inga;90.0;4
38;3300;;inga;166.0;4
39;6300;;inga;300.0;3
40;1850;;inga;85.0;2
41;1500;Rua Presidente Domiciano;inga;110.0;3
42;1000;Rua Presidente Pedreira;inga;70.0;2
43;2200;Rua Doutor Paulo Alves, 72;inga;75.0;2
44;6300;Rua Visconde De Morais;inga;200.0;4
45;2900;;inga;86.0;2
46;5000;Morro São Sebastião, 106;inga;180.0;2
47;2000;Rua Presidente Pedreira, 147;inga;110.0;3
0;3000;Rua Fagundes Varela, 312;inga;180.0;2
1;6000;Rua Visconde De Morais, 251;inga;170.0;4
2;2450;Rua Pereira Nunes, 27;inga;350.0;4
3;1500;Rua Tiradentes;inga;130.0;3
4;1300;Rua Presidente Domiciano;inga;150.0;3
5;2000;;inga;35.0;2
6;1700;Rua Doutor Paulo Alves, 110;inga;100.0;3
7;1700;Rua Tiradentes, 103;inga;72.0;2
8;1600;Rua Presidente Pedreira;inga;115.0;3
9;3500;;inga;150.0;5
10;2165;Rua Itapuca;inga;60.0;1
11;1250;Rua Presidente Pedreira;inga;56.0;2
12;2950;Rua Doutor Paulo Alves;inga;165.0;3
13;1200;Rua Presidente Pedreira;inga;60.0;2
14;2200;Rua Tiradentes;inga;80.0;3
15;1350;Rua Presidente Pedreira;inga;80.0;3
16;1410;Rua Itapuca;inga;65.0;1
17;1200;Rua Doutor Nilo Peçanha;inga;70.0;2
18;12500;Avenida Engenheiro Martins Romeo;inga;700.0;4
19;2000;Rua Presidente Pedreira;inga;100.0;4
20;6200;Rua Visconde Morais;inga;200.0;4
21;4500;Praia João Caetano;inga;300.0;4
22;1800;Rua Doutor Paulo Alves;inga;80.0;3
23;1800;Rua Tiradentes;inga;85.0;2
24;1800;Rua São Sebastião;inga;100.0;3
25;1500;Rua Presidente Pedreira;inga;65.0;2
26;1800;Avenida Engenheiro Martins Romeo;inga;70.0;2
27;1800;Rua Doutor Nilo Peçanha, 1;inga;152.0;3
28;2000;;inga;29.0;2
29;1500;Rua Tiradentes;inga;100.0;3
30;1200;;inga;58.0;2
31;1500;Rua Visconde De Morais, 270;inga;130.0;3
32;1250;;inga;60.0;2
33;15000;;inga;380.0;7
34;1350;;inga;70.0;2
35;2000;Rua São Sebastião;inga;140.0;4
36;1150;;inga;50.0;1
37;8900;;inga;290.0;4
38;4500;155;inga;280.0;4
39;1650;38 Bloco 2 Loc;inga;60.0;2
40;3000;27;inga;410.0;4
41;7800;75 Loc;inga;205.0;4
42;3500;106 Loja;inga;200.0;2
43;2200;270 B;inga;59.0;2
44;1500;Rua Presidente Pedreira, 35;inga;122.0;2
45;1600;;inga;100.0;3
46;6300;Rua Visconde De Morais, 251;inga;200.0;4
47;1600;Rua Fagundes Varella;inga;85.0;2
0;1800;Rua Presidente Pedreira, 38;inga;60.0;2
1;3500;;inga;180.0;3
2;1750;;inga;90.0;2
3;1250;Rua Fagundes Varela;inga;62.0;2
4;6000;251 Casa;inga;300.0;4
5;2300;Rua Fagundes Varela;inga;250.0;5
6;1300;;inga;80.0;2
7;2500;;inga;350.0;4
8;1200;;inga;60.0;2
9;2100000;Rua Tiradentes 71 202;inga;70.0;2
0;2100;Rua Juciara;ilha-da-conceicao;100.0;3
1;2100;;ilha-da-conceicao;90.0;3
2;1250;Rua Juciara;ilha-da-conceicao;60.0;2
3;1200;;ilha-da-conceicao;43.0;2
0;1900;;itacoatiara;90.0;2
1;4500;;itacoatiara;110.0;3
2;2000;1035 Bl 03 Loc;itacoatiara;110.0;3
3;2000;99 Loc 04;itacoatiara;112.0;4
4;8000;;itacoatiara;1000.0;4
5;1500;;itacoatiara;120.0;3
0;800;Estrada Frei Orlando, 566;jacare;56.0;2
1;1150;;jacare;55.0;2
2;1200;Estrada Frei Orlando, 567;jacare;60.0;2
3;1200;567 Bloco 7 Ap 607 Loc;jacare;52.0;2
4;1200;566 Bl 05;jacare;52.0;2
5;1000;;jacare;55.0;2
0;2000;;jardim-fluminense;80.0;2
1;2500;;jardim-fluminense;100.0;3
2;4500;;jardim-fluminense;75.0;3
3;1500;;jardim-fluminense;70.0;2
4;1500;;jardim-fluminense;70.0;2
0;1700;;jardim-icarai;80.0;2
1;1900;;jardim-icarai;85.0;2
2;2200;;jardim-icarai;87.0;2
3;15000;;jardim-icarai;440.0;2
0;598;Rua Doutor March;largo-do-narradas;64.0;2
1;650;"Rua Noronha Torrezão,
                24";largo-do-narradas;25.0;2
2;2000;Rua Miguel De Frias;largo-do-narradas;50.0;1
3;2800;Avenida Prefeito Sylvio Picanço;largo-do-narradas;113.0;3
4;750;Rua São João;largo-do-narradas;30.0;1
5;1500;Rua Marquês De Paraná;largo-do-narradas;65.0;2
6;1050;Rua Professor Otacílio;largo-do-narradas;70.0;2
7;3200;Rua Dom Bosco;largo-do-narradas;114.0;3
8;1500;Rua General Pereira Da Silva;largo-do-narradas;150.0;4
9;1480;Rua Domingues De Sá;largo-do-narradas;70.0;1
10;1350;Rua Presidente Pedreira;largo-do-narradas;58.0;2
11;1100;Avenida Jornalista Alberto Francisco Torres;largo-do-narradas;40.0;1
12;1650;Rua Doutor March, 329 - Barreto, Niterói - Rj, Brasil;largo-do-narradas;50.0;2
13;2000;Rua Mem De Sá;largo-do-narradas;100.0;3
14;1450;Rua Doutor Mario Vianna;largo-do-narradas;80.0;2
15;2300;Rua Doutor Sardinha;largo-do-narradas;60.0;2
16;1850;Rua Barão Do Amazonas;largo-do-narradas;60.0;2
17;1300;Rua Joaquim Távora;largo-do-narradas;66.0;1
18;2500;Rua General Pereira Da Silva;largo-do-narradas;140.0;3
19;5000;Rua Tupiniquins, 587;largo-do-narradas;300.0;4
20;900;"Rua Da Conceição,
                95";largo-do-narradas;32.0;2
21;1400;;largo-do-narradas;79.0;2
22;820;"Rua Doutor Borman,
                23";largo-do-narradas;30.0;2
23;1100;"Rua Da Conceição,
                95";largo-do-narradas;32.0;2
24;800;Estrada Francisco Da Cruz Nunes;largo-do-narradas;52.0;2
25;700;Travessa José De Alencar;largo-do-narradas;35.0;1
26;2150;Rua Coronel Moreira César;largo-do-narradas;84.0;1
27;3500;Avenida Quintino Bocaiúva;largo-do-narradas;162.0;2
28;1590;Avenida Visconde Do Rio Branco;largo-do-narradas;70.0;2
29;1260;Rua Ministro Otávio Kelly;largo-do-narradas;76.0;2
30;1050;Rua Noronha Torrezão;largo-do-narradas;70.0;2
31;2000;Avenida Almirante Ary Parreiras;largo-do-narradas;110.0;4
32;850;Rua Visconde De Itaboraí;largo-do-narradas;80.0;2
33;1250;Rua Doutor March;largo-do-narradas;57.0;2
34;1150;Rua Pereira Nunes;largo-do-narradas;70.0;1
35;1410;Rua Presidente Backer;largo-do-narradas;70.0;1
36;1130;Travessa Santa Rosa Do Viterbo;largo-do-narradas;85.0;2
37;2500;Avenida Sete De Setembro;largo-do-narradas;160.0;3
38;2000;Rua Doutor Tavares De Macedo;largo-do-narradas;70.0;2
39;12000;Estrada Leopoldo Fróes;largo-do-narradas;353.0;4
40;2200;Rua Doutor Nilo Peçanha;largo-do-narradas;95.0;2
41;1920;Travessa Manoel Benício;largo-do-narradas;80.0;2
42;2100;Rua Álvares De Azevedo;largo-do-narradas;120.0;3
43;1050;Alameda São Boaventura;largo-do-narradas;120.0;3
44;1200;Rua Professor Lara Vilela;largo-do-narradas;45.0;1
45;2800;Rua Nóbrega;largo-do-narradas;70.0;2
46;1230;Travessa Faria;largo-do-narradas;70.0;2
47;1600;Rua Fagundes Varela;largo-do-narradas;80.0;2
0;1810;Otávio Carneiro;largo-do-narradas;80.0;3
1;1400;Avenida Jornalista Alberto Francisco Torres;largo-do-narradas;85.0;3
2;1380;Estrada Francisco Da Cruz Nunes;largo-do-narradas;66.0;2
3;2130;Rua Ministro Otávio Kelly;largo-do-narradas;89.0;2
4;2500;Rua Fagundes Varela;largo-do-narradas;90.0;2
5;2300;Rua Coronel Moreira Cesar;largo-do-narradas;80.0;2
6;1010;Travessa José Gomes Cruz;largo-do-narradas;52.0;2
7;990;Rua B;largo-do-narradas;50.0;1
8;2200;Travessa Victor Pestre;largo-do-narradas;171.0;4
9;1500;Rua Domingos Sávio Nogueira Saad;largo-do-narradas;70.0;1
10;9810;Avenida Almirante Benjamin Sodré;largo-do-narradas;260.0;4
11;1850;Rua Comendador Queirós;largo-do-narradas;69.0;2
12;1500;Rua Doutor Paulo Alves;largo-do-narradas;90.0;2
13;1700;Avenida Ernani Do Amaral Peixoto;largo-do-narradas;47.0;1
14;1880;Avenida Roberto Silveira;largo-do-narradas;45.0;1
15;1650;Estrada Caetano Monteiro;largo-do-narradas;70.0;2
16;650;Rua Professor Heitor Carrilho;largo-do-narradas;20.0;1
17;890;Avenida Ernani Do Amaral Peixoto;largo-do-narradas;35.0;1
18;850;Rua Manoel Corrêa;largo-do-narradas;15.0;1
19;1260;Rua Doutor Mário Viana;largo-do-narradas;52.0;1
20;1070;Rua Professor Lara Vilela;largo-do-narradas;45.0;1
21;640;Rua Coronel Gomes Machado;largo-do-narradas;23.0;1
22;680;Rua Manoel Corrêa;largo-do-narradas;15.0;1
23;2000;Otavio Carneiro;largo-do-narradas;40.0;1
24;1200;Rua Professor Lara Vilela;largo-do-narradas;60.0;1
25;770;Travessa Elzir De Almeida Brandão;largo-do-narradas;58.0;2
26;1800;;largo-do-narradas;158.0;3
27;1900;;largo-do-narradas;280.0;1,95
28;900;;largo-do-narradas;130.0;1,95
29;1250;;largo-do-narradas;64.0;2
30;300;;largo-do-narradas;30.0;1,95
31;1500;Rua Visconde De Itaboraí 166;largo-do-narradas;150.0;1,95
32;800;Rua General Castrioto, 572;largo-do-narradas;72.0;2
33;750;Estrada Francisco Da Cruz Nunes;largo-do-narradas;65.0;2
34;700;Estrada Francisco Da Cruz Nunes;largo-do-narradas;58.0;2
35;1300;;largo-do-narradas;72.0;2
36;1100;;largo-do-narradas;60.0;2
37;2100;Rua Benjamin Constant, 406;largo-do-narradas;120.0;4
38;1300;;largo-do-narradas;70.0;2
39;700;Travessa José De Alencar;largo-do-narradas;100.0;1
40;800;Rua Benjamin Constant;largo-do-narradas;56.0;2
41;950;;largo-do-narradas;56.0;2
42;1300;Rua General Castrioto;largo-do-narradas;70.0;2
43;1400;;largo-do-narradas;65.0;2
44;750;Rua Benjamin Constant;largo-do-narradas;60.0;2
45;3800;212 Lote91;largo-do-narradas;1200.0;5
46;600;Estrada Francisco Da Cruz Nunes;largo-do-narradas;65.0;2
47;5000;Rua General Castrioto;largo-do-narradas;500.0;1,95
0;700;;largo-do-narradas;65.0;1
1;600;Estrada Francisco Da Cruz Nunes, 695;largo-do-narradas;65.0;2
2;750;Rua General Castrioto;largo-do-narradas;60.0;2
3;900;Rua Benjamin Constant 26;largo-do-narradas;55.0;2
0;1380;Estrada Francisco Da Cruz Nunes;largo-da-batalha;66.0;2
1;750;Estrada Francisco Da Cruz Nunes;largo-da-batalha;65.0;2
2;700;Estrada Francisco Da Cruz Nunes;largo-da-batalha;58.0;2
3;1300;;largo-da-batalha;70.0;2
4;1400;;largo-da-batalha;65.0;2
5;3800;212 Lote91;largo-da-batalha;1200.0;5
6;600;Estrada Francisco Da Cruz Nunes;largo-da-batalha;65.0;2
7;600;Estrada Francisco Da Cruz Nunes, 695;largo-da-batalha;65.0;2
0;895;Estrada Pacheco De Carvalho;maceio;60.0;2
1;1200;;maceio;58.0;2
2;1350;Estrada Pacheco De Carvalho;maceio;78.0;2
3;1500;Estrada Engenheiro Pacheco De Carvalho, 900;maceio;140.0;3
4;1500;Estrada Pacheco De Carvalho;maceio;140.0;3
5;1100;;maceio;60.0;2
0;4800;;maravista;300.0;2
1;1200;;maravista;85.0;2
2;1100;;maravista;22.0;2
3;1450;;maravista;32.0;2
4;1250;;maravista;40.0;2
5;800;;maravista;77.0;2
6;900;;maravista;56.0;1
7;2400;;maravista;180.0;3
0;6500;;matapaca;200.0;1
1;2000;Rua Cândido Portinari;matapaca;274.0;5
2;1700;Rua Cândido Portinari, 80;matapaca;250.0;5
3;2000;;matapaca;274.0;5
0;2000;Rua São Paulo;ponta-dareia;90.0;2
1;20000;24 Loc;ponta-dareia;998.0;2
2;20000;;ponta-dareia;940.0;2
0;1427;Rua Presidente Pedreira;piratininga;43.0;1
1;1400;;piratininga;79.0;2
2;2200;Rua Doutor Nilo Peçanha;piratininga;95.0;2
3;1600;Avenida Do Guaca;piratininga;52.0;2
4;5300;;piratininga;250.0;5
5;1300;;piratininga;40.0;1
6;5000;;piratininga;480.0;3,06
7;3000;;piratininga;100.0;2
8;2500;35 Casa C;piratininga;152.0;3
9;1300;;piratininga;65.0;3
10;16000;Loteamento Cafuba;piratininga;92.0;3
11;2000;;piratininga;346.0;3,06
12;10000;;piratininga;250.0;6
13;5300;Rua Altevo Do Vale E Silva;piratininga;127.0;3
14;4000;Avenida Do Guaca;piratininga;210.0;4
15;3400;;piratininga;290.0;4
16;5000;;piratininga;290.0;4
17;5000;;piratininga;60.0;3,06
18;2200;;piratininga;266.0;3,06
19;3213;Avenida Do Guaca;piratininga;25.0;3,06
20;1000;;piratininga;55.0;2
21;1200;Avenida Do Guaca;piratininga;200.0;5
22;4000;;piratininga;260.0;4
23;4300;Rua José Joaquim Pereira Caldas, 93;piratininga;470.0;4
24;8000;Rua Geógrafo Amora, 3;piratininga;396.0;5
25;6000;;piratininga;450.0;5
26;6500;;piratininga;93.0;1
27;2500;;piratininga;120.0;4
28;3200;;piratininga;580.0;3,06
29;27000;;piratininga;98.0;3
30;2130;Rua Presidente Pedreira;piratininga;36.0;3,06
31;1300;;piratininga;250.0;3,06
32;7500;Estrada Francisco Da Cruz Nunes;piratininga;140.0;3
33;2200;;piratininga;90.0;2
34;2200;Rua Doutor Nilo Peçanha;piratininga;130.0;4
35;3200;Rua Tiradentes;piratininga;83.0;2
36;1800;Rua Doutor Nilo Peçanha;piratininga;140.0;4
37;2400;Rua General Andrade Neves;piratininga;60.0;3,06
38;1000;;piratininga;280.0;3,06
39;10000;;piratininga;49.0;3,06
40;1000;;piratininga;30.0;3,06
41;1450;;piratininga;40.0;1
42;1200;;piratininga;60.0;3,06
43;3500;;piratininga;35.0;3,06
44;3600;;piratininga;30.0;3,06
45;1800;Estrada Francisco Da Cruz Nunes, 836;piratininga;25.0;3,06
46;1600;;piratininga;55.0;1
47;2000;Rua Doutor Paulo Alves;piratininga;0.0;3,06
0;6000;;piratininga;690.0;4
1;1800;;piratininga;194.0;4
2;900;;piratininga;50.0;1
3;3500;;piratininga;330.0;5
4;2000;;piratininga;450.0;3
5;950;Avenida Conselheiro Paulo De Mello Kalle 735;piratininga;60.0;1
0;1230;Travessa Faria;pe-pequeno;70.0;2
1;5500;;pe-pequeno;200.0;2
2;1100;Travessa Faria;pe-pequeno;70.0;2
3;3000;;pe-pequeno;100.0;3
4;1600;;pe-pequeno;70.0;2
0;690;Rua Senador Fernandes Da Cunha, 1002;rio-do-ouro;65.0;2
0;650;"Rua Noronha Torrezão,
                24";santa-rosa;25.0;2,02
1;1050;Rua Professor Otacílio;santa-rosa;70.0;2
2;1450;Rua Doutor Mario Vianna;santa-rosa;80.0;2
3;2300;Rua Doutor Sardinha;santa-rosa;60.0;2
4;1600;Rua Américo Oberlaender;santa-rosa;89.0;2
5;1050;Rua Noronha Torrezão;santa-rosa;70.0;2
6;1130;Travessa Santa Rosa Do Viterbo;santa-rosa;85.0;2
7;1010;Travessa José Gomes Cruz;santa-rosa;52.0;2
8;1200;Rua Noronha Torrezão;santa-rosa;50.0;1
9;2400;Rua Noronha Torrezão;santa-rosa;130.0;2
10;1260;Rua Doutor Mário Viana;santa-rosa;52.0;1
11;2200;Rua Noronha Torrezão;santa-rosa;60.0;1
12;770;Travessa Elzir De Almeida Brandão;santa-rosa;58.0;2
13;750;Rua Noronha Torrezão;santa-rosa;60.0;2
14;850;Rua Noronha Torrezão, 335;santa-rosa;55.0;2
15;700;335 Bloco 2;santa-rosa;42.0;2
16;600;Rua Noronha Torrezão;santa-rosa;24.0;2,02
17;800;;santa-rosa;60.0;2
18;950;Rua Coronel Sebastião Dantas;santa-rosa;60.0;3
19;60000;Rua Noronha Torrezão;santa-rosa;1290.0;2,02
20;2500;"Rua Doutor Mário Viana,
                416";santa-rosa;34.0;2,02
21;1650;;santa-rosa;73.0;2
22;1300;;santa-rosa;65.0;2
23;1100;Rua Professor Otacílio;santa-rosa;75.0;2
24;1100;Rua Professor Otacílio;santa-rosa;75.0;2
25;2300;;santa-rosa;70.0;2
26;1650;Rua Doutor Paulo César;santa-rosa;150.0;2,02
27;2200;;santa-rosa;74.0;2
28;1100;Rua Professor Otacílio;santa-rosa;75.0;2
29;1000;Rua Doutor Mario Viana;santa-rosa;90.0;3
30;1650;;santa-rosa;62.0;2
31;1200;;santa-rosa;70.0;2
32;700;Rua Doutor Mário Viana, 734;santa-rosa;65.0;2
33;1400;;santa-rosa;68.0;2
34;1800;Rua Doutor Mário Viana, 653;santa-rosa;113.0;2
35;1800;;santa-rosa;69.0;2
36;1650;Rua Noronha Torrezão, 419;santa-rosa;62.0;2
37;1800;;santa-rosa;100.0;3
38;1300;;santa-rosa;70.0;2
39;900;Rua Noronha Torrezão, 335;santa-rosa;55.0;2
40;1350;Rua Newton Prado, 32;santa-rosa;70.0;2
41;1200;Rua Vereador Duque Estrada, 169;santa-rosa;100.0;2
42;981;Rua Coronel Sebastião Dantas;santa-rosa;74.0;2
43;60000;;santa-rosa;1290.0;2,02
44;2000;Rua Noronha Torrezão, 63;santa-rosa;80.0;2
45;1650;Rua Noronha Torrezão, 196;santa-rosa;85.0;2
46;737;Rua Doutor Martins Tôrres;santa-rosa;40.0;2
47;2500;Rua Doutor Sardinha, 194;santa-rosa;115.0;3
0;3000;;santa-rosa;220.0;2
1;1100;Rua Professor Otacílio;santa-rosa;70.0;2
2;1400;;santa-rosa;65.0;2
3;1150;;santa-rosa;62.0;2
4;900;Rua Coronel Sebastião Dantas, 12;santa-rosa;80.0;3
5;1800;Rua Vereador Duque Estrada, 141;santa-rosa;60.0;2
6;1200;;santa-rosa;68.0;2
7;15000;Rua Doutor Paulo César, 320;santa-rosa;440.0;2
8;1600;;santa-rosa;81.0;3
9;1450;"Rua Doutor Mário Viana,
                728";santa-rosa;200.0;3
10;1200;141 A;santa-rosa;80.0;2
11;740;Rua Coronel Sebastião Dantas, 56;santa-rosa;60.0;2
12;1300;;santa-rosa;60.0;2
13;800;;santa-rosa;65.0;2
14;1000;;santa-rosa;68.0;2
15;600;;santa-rosa;55.0;2
16;650;"Rua Coronel Sebastião Dantas,
                12";santa-rosa;65.0;2
17;750;;santa-rosa;60.0;2
0;850;Rua Benjamin Constant;santana;55.0;2
1;850;Rua Benjamin Constant, 442;santana;60.0;2
2;12000;Rua Benjamin Constant;santana;630.0;2
3;1000;Rua Benjamin Constant;santana;55.0;2
4;2100;Rua Benjamin Constant, 406;santana;120.0;4
5;800;Rua Benjamin Constant;santana;56.0;2
6;1350;Rua Benjamin Constant;santana;60.0;2
7;700;;santana;65.0;1
8;800;"Rua Benjamin Constant,
                472";santana;55.0;2
0;800;Estrada Francisco Da Cruz Nunes;sape;52.0;2
1;1000;;sape;80.0;2
2;21000;;sape;2000.0;2
3;3500;;sape;170.0;3
4;950;;sape;52.0;2
5;3200;;sape;240.0;4
0;5000;Rua Tupiniquins, 587;sao-francisco;300.0;4
1;3500;Avenida Quintino Bocaiúva;sao-francisco;162.0;2
2;12000;Estrada Leopoldo Fróes;sao-francisco;353.0;4
3;8000;Rua Goitacazes;sao-francisco;200.0;3
4;5000;Rua Murilo Portugal, 112;sao-francisco;150.0;2,59
5;1262;Avenida Rui Barbosa;sao-francisco;60.0;1
6;1700;Travessa Wadih Curi, 29;sao-francisco;75.0;2
7;5500;;sao-francisco;180.0;2,59
8;1150;37;sao-francisco;60.0;2
9;5500;Avenida Presidente Roosevelt, 405;sao-francisco;160.0;2,59
10;1700;;sao-francisco;70.0;3
11;1200;;sao-francisco;38.0;2,59
12;5500;;sao-francisco;250.0;5
13;8000;;sao-francisco;180.0;2,59
14;5500;Rua Nossa Senhora De Lourdes;sao-francisco;155.0;4
15;1200;;sao-francisco;38.0;2,59
16;1000;Avenida Rui Barbosa;sao-francisco;54.0;2,59
17;900;;sao-francisco;66.0;1
18;6000;;sao-francisco;263.0;4
19;2200;;sao-francisco;80.0;2
20;4000;Avenida Rui Barbosa, 364;sao-francisco;150.0;2
21;800;Rua Doutor Oliveira Botelho, 352;sao-francisco;28.0;2,59
22;8500;;sao-francisco;180.0;2,59
23;5000;Rua Murilo Portugal;sao-francisco;210.0;2,59
24;3900;;sao-francisco;120.0;3
25;1500;;sao-francisco;80.0;2
26;3900;;sao-francisco;120.0;3
27;2200;Avenida Quintino Bocaiúva;sao-francisco;120.0;3
28;2400;Avenida Rui Barbosa;sao-francisco;98.0;2
29;2600;Avenida Rui Barbosa;sao-francisco;68.0;2
30;2300;Rua Araribóia;sao-francisco;120.0;3
31;1650;Avenida Rui Barbosa;sao-francisco;80.0;1
32;2600;Rua Araribóia;sao-francisco;137.0;3
33;2300;Avenida Presidente Roosevelt, 410;sao-francisco;45.0;2,59
34;900;Avenida Rui Barbosa, 29;sao-francisco;25.0;2,59
35;8700;;sao-francisco;500.0;4
36;12000;Avenida Presidente Roosevelt, 410;sao-francisco;80.0;2,59
37;2300;Avenida Presidente Roosevelt, 410;sao-francisco;45.0;2,59
38;1700;;sao-francisco;70.0;3
39;850;Avenida Rui Barbosa;sao-francisco;25.0;1
40;1900;Avenida Quintino Bocaiúva;sao-francisco;50.0;1
41;10000;Avenida Presidente Roosevelt, 410;sao-francisco;180.0;2,59
42;2300;Avenida Presidente Roosevelt, 410;sao-francisco;45.0;2,59
43;1650;Avenida Quintino Bocaiúva, 19;sao-francisco;105.0;2
44;2300;;sao-francisco;37.0;2,59
45;15000;;sao-francisco;250.0;2,59
46;5500;Avenida Presidente Roosevelt;sao-francisco;180.0;2,59
47;3000;279;sao-francisco;164.0;3
0;2500;410 Sala;sao-francisco;6000.0;2,46
1;2000;410;sao-francisco;45.0;2,46
2;2000;410;sao-francisco;45.0;2,46
3;2000;410;sao-francisco;45.0;2,46
4;2000;410 Loc;sao-francisco;45.0;2,46
5;2250;Avenida Presidente Roosevelt, 5;sao-francisco;85.0;2
6;2000;;sao-francisco;75.0;2
7;20000;;sao-francisco;500.0;2,46
8;12500;Avenida Quintino Bocaiúva;sao-francisco;250.0;2,46
9;3900;Avenida Rui Barbosa, 403;sao-francisco;80.0;2,46
10;1500;;sao-francisco;129.0;2
11;1200;Avenida Quintino Bocaiúva, 583;sao-francisco;40.0;1
12;1400;Avenida Rui Barbosa;sao-francisco;40.0;1
13;25000;;sao-francisco;400.0;2,46
14;1200;Rua Aimorés, 126;sao-francisco;36.0;1
15;700;Avenida Quintino Bocaiúva, 325;sao-francisco;32.0;2,46
16;1400;Avenida Quintino Bocaiúva, 325;sao-francisco;45.0;2,46
17;5550;Avenida Presidente Roosevelt;sao-francisco;160.0;2,46
18;40000;Avenida Quintino Bocaiúva;sao-francisco;470.0;2,46
19;15000;;sao-francisco;250.0;2,46
20;40000;Avenida Quintino Bocaiúva, 159;sao-francisco;470.0;2,46
21;25000;Avenida Quintino Bocaiúva, 183;sao-francisco;251.0;2,46
22;25000;Avenida Quintino Bocaiúva, 183;sao-francisco;403.0;2,46
23;15000;Avenida Quintino Bocaiúva, 183;sao-francisco;251.0;2,46
24;15000;Avenida Quintino Bocaiúva, 183;sao-francisco;251.0;2,46
25;1100;Avenida Rui Barbosa, 274;sao-francisco;30.0;2,46
26;2500;;sao-francisco;105.0;2
27;35000;Avenida Quintino Bocaiúva, 159;sao-francisco;480.0;2,46
28;25000;Avenida Quintino Bocaiúva, 183;sao-francisco;400.0;2,46
29;10000;Avenida Presidente Roosevelt, 303;sao-francisco;700.0;4
30;35000;Avenida Quintino Bocaiúva, 183;sao-francisco;480.0;2,46
31;1120;Rua General Rondon, 159;sao-francisco;60.0;2
32;1300;Rua Desembargador Gastão Pache De Faria, 64;sao-francisco;145.0;4
33;3900;;sao-francisco;191.0;4
34;2900;;sao-francisco;215.0;4
35;3600;;sao-francisco;250.0;3
0;1300;;tenente-jardim;60.0;2
0;2200;Rua Vital Brasil Filho;vital-brazil;110.0;3
1;2500;7;vital-brazil;105.0;3
2;3000;;vital-brazil;105.0;3
