,Rent,Street,Area,Hood,Total-Area,Rooms
0,1650,Estrada Caetano Monteiro,70 m² construídos2 quartos,badu,70,2.0
1,3500,Estrada Caetano Monteiro,90 m² construídos,badu,90,2.8947368421052633
2,1300,391 Bloco 06,82 m² construídos2 quartos,badu,82,2.0
3,1000,Estrada Caetano Monteiro,60 m² construídos2 quartos,badu,60,2.0
4,4500,,400 m² construídos4 quartos,badu,400,4.0
5,4500,,250 m² construídos4 quartos,badu,250,4.0
6,27000,Estrada Francisco Da Cruz Nunes,580 m² construídos,badu,580,2.8947368421052633
7,1450,,60 m² construídos2 quartos,badu,60,2.0
8,12000,Estrada Alcebíades Pinto,540 m² construídos,badu,540,2.8947368421052633
9,8000,,300 m² construídos6 quartos,badu,300,6.0
10,12000,,540 m² construídos,badu,540,2.8947368421052633
11,1237,Rua Hamilton Picanço,143 m² construídos3 quartos,badu,143,3.0
12,1200,"Estrada Caetano Monteiro, 4087",57 m² construídos2 quartos,badu,57,2.0
13,5500,Estrada Monan Grande,320 m² construídos,badu,320,2.8947368421052633
14,1800,,130 m² construídos4 quartos,badu,130,4.0
15,7000,,777 m² construídos5 quartos,badu,777,5.0
16,1500,"Estrada Caetano Monteiro, 3825",60 m² construídos2 quartos,badu,60,2.0
17,1200,"Estrada Caetano Monteiro, 3825",60 m² construídos2 quartos,badu,60,2.0
18,1500,"Estrada Caetano Monteiro, 3825",60 m² construídos2 quartos,badu,60,2.0
19,1500,"Estrada Caetano Monteiro, 3825",60 m² construídos2 quartos,badu,60,2.0
20,1300,"Estrada Caetano Monteiro, 3825",60 m² construídos2 quartos,badu,60,2.0
21,1300,"Estrada Caetano Monteiro, 3825",60 m² construídos2 quartos,badu,60,2.0
22,1600,,40 m² construídos,badu,40,2.8947368421052633
23,3000,,290 m² construídos4 quartos,badu,290,4.0
24,850,"Estrada Caetano Monteiro, 3618",100 m² construídos3 quartos,badu,100,3.0
0,1100,Estrada Velha De Maricá,60 m² construídos2 quartos,baldeador,60,2.0
1,13000,,"2,000 m² construídos",baldeador,2000,3.0
2,1800,,25 m² construídos,baldeador,25,3.0
3,1500,,244 m² construídos4 quartos,baldeador,244,4.0
4,13000,,"2,800 m² construídos",baldeador,2800,3.0
5,13000,"Rodovia Amaral Peixoto, 0","2,000 m² construídos",baldeador,2000,3.0
0,1000,Rua Noronha Santos,122 m² construídos2 quartos,boa-viagem,122,2.0
1,12490,Avenida Almirante Benjamin Sodré,600 m² construídos4 quartos,boa-viagem,600,4.0
2,1500,Rua Domingos Sávio Nogueira Saad,70 m² construídos1 quarto,boa-viagem,70,1.0
3,9810,Avenida Almirante Benjamin Sodré,260 m² construídos4 quartos,boa-viagem,260,4.0
4,5000,Rua Edmundo March,85 m² construídos3 quartos,boa-viagem,85,3.0
5,1600,Rua Roberto Rowley Mendes,70 m² construídos1 quarto,boa-viagem,70,1.0
6,6000,"Rua Antônio Parreiras, 139",420 m² construídos4 quartos,boa-viagem,420,4.0
7,2700,,77 m² construídos2 quartos,boa-viagem,77,2.0
8,1300,,70 m² construídos2 quartos,boa-viagem,70,2.0
9,1700,"Rua Roberto Rowley Mendes, 230",75 m² construídos2 quartos,boa-viagem,75,2.0
10,8000,,325 m² construídos3 quartos,boa-viagem,325,3.0
11,3500,,42 m² construídos1 quarto,boa-viagem,42,1.0
12,1500,"Rua Edmundo March,
                47",65 m² construídos2 quartos,boa-viagem,65,2.0
13,5500,,200 m² construídos4 quartos,boa-viagem,200,4.0
14,1500,,69 m² construídos2 quartos,boa-viagem,69,2.0
15,3200,,85 m² construídos2 quartos,boa-viagem,85,2.0
16,11000,"Avenida Almirante Benjamin Sodré, 374",423 m² construídos4 quartos,boa-viagem,423,4.0
17,1500,"Rua Roberto Rowley Mendes, 215",80 m² construídos2 quartos,boa-viagem,80,2.0
18,1500,"Rua Vera Crispino De Freitas, 157",56 m² construídos1 quarto,boa-viagem,56,1.0
19,5500,Rua Antônio Parreiras,572 m² construídos5 quartos,boa-viagem,572,5.0
20,5800,Rua Roberto Rowley Mendes,102 m² construídos3 quartos,boa-viagem,102,3.0
21,5500,Rua Antônio Parreiras,420 m² construídos4 quartos,boa-viagem,420,4.0
22,1800,Rua Antônio Parreiras,75 m² construídos2 quartos,boa-viagem,75,2.0
23,2200,Rua Antônio Parreiras,145 m² construídos3 quartos,boa-viagem,145,3.0
24,1700,Rua Edmundo March,60 m² construídos3 quartos,boa-viagem,60,3.0
25,1400,,45 m² construídos1 quarto,boa-viagem,45,1.0
26,2200,,160 m² construídos3 quartos,boa-viagem,160,3.0
27,12000,374 401,423 m² construídos4 quartos,boa-viagem,423,4.0
28,1000,Rua Vera Crispino De Freitas,50 m² construídos1 quarto,boa-viagem,50,1.0
29,9000,,500 m² construídos4 quartos,boa-viagem,500,4.0
0,2300,1036 Bloco 5 Cozumel,85 m² construídos2 quartos,camboinhas,85,2.0
1,12000,,400 m² construídos5 quartos,camboinhas,400,5.0
2,2800,1036 Bloco 17 Pucket,104 m² construídos3 quartos,camboinhas,104,3.0
3,2500,,108 m² construídos3 quartos,camboinhas,108,3.0
4,2400,,90 m² construídos2 quartos,camboinhas,90,2.0
5,12000,76 Loc,400 m² construídos5 quartos,camboinhas,400,5.0
6,1600,,45 m² construídos1 quarto,camboinhas,45,1.0
7,1300,,37 m² construídos1 quarto,camboinhas,37,1.0
8,3800,,186 m² construídos3 quartos,camboinhas,186,3.0
9,8000,,950 m² construídos5 quartos,camboinhas,950,5.0
10,2000000,,146 m² construídos4 quartos,camboinhas,146,4.0
11,2100,,186 m² construídos3 quartos,camboinhas,186,3.0
12,2500,Avenida Professor Florestan Fernandes  95,90 m² construídos2 quartos,camboinhas,90,2.0
0,1500,Rua Marquês De Paraná,65 m² construídos2 quartos,centro,65,2.0
1,750,Rua São João,30 m² construídos1 quarto,centro,30,1.0
2,1850,Rua Barão Do Amazonas,60 m² construídos2 quartos,centro,60,2.0
3,1000,Avenida Feliciano Sodré,90 m² construídos2 quartos,centro,90,2.0
4,500,Rua Da Conceição,25 m² construídos1 quarto,centro,25,1.0
5,900,"Rua Da Conceição,
                95",32 m² construídos,centro,32,1.9166666666666667
6,820,"Rua Doutor Borman,
                23",30 m² construídos,centro,30,1.9166666666666667
7,1100,"Rua Da Conceição,
                95",32 m² construídos,centro,32,1.9166666666666667
8,1590,Avenida Visconde Do Rio Branco,70 m² construídos2 quartos,centro,70,2.0
9,850,Rua Visconde De Itaboraí,80 m² construídos2 quartos,centro,80,2.0
10,1700,Avenida Ernani Do Amaral Peixoto,47 m² construídos1 quarto,centro,47,1.0
11,1370,Rua São Pedro,77 m² construídos2 quartos,centro,77,2.0
12,650,Rua Professor Heitor Carrilho,20 m² construídos1 quarto,centro,20,1.0
13,890,Avenida Ernani Do Amaral Peixoto,35 m² construídos1 quarto,centro,35,1.0
14,640,Rua Coronel Gomes Machado,23 m² construídos1 quarto,centro,23,1.0
15,2900,"Rua Doutor Celestino,
                122",45 m² construídos,centro,45,1.9166666666666667
16,1500,Rua Visconde De Sepetiba,70 m² construídos2 quartos,centro,70,2.0
17,1410,Avenida Visconde Do Rio Branco,75 m² construídos2 quartos,centro,75,2.0
18,950,"Rua Da Conceição,
                95",33 m² construídos,centro,33,1.9166666666666667
19,1300,Saldanha Marinho,61 m² construídos2 quartos,centro,61,2.0
20,500,Rua Da Conceição,20 m² construídos1 quarto,centro,20,1.0
21,600,,26 m² construídos,centro,26,1.9166666666666667
22,900,,130 m² construídos,centro,130,1.9166666666666667
23,300,,30 m² construídos,centro,30,1.9166666666666667
24,1500,Rua Visconde De Itaboraí 166,150 m² construídos,centro,150,1.9166666666666667
25,600,,30 m² construídos,centro,30,1.9166666666666667
26,500,,38 m² construídos,centro,38,1.9166666666666667
27,350,,46 m² construídos,centro,46,1.9166666666666667
28,1250,,64 m² construídos,centro,64,1.9166666666666667
29,800,"Rua Visconde De Itaboraí,
                196",52 m² construídos2 quartos,centro,52,2.0
30,1100,,80 m² construídos2 quartos,centro,80,2.0
31,1200,,33 m² construídos,centro,33,1.9166666666666667
32,1700,"Rua Visconde De Sepetiba, 610",130 m² construídos3 quartos,centro,130,3.0
33,5000,"Rua São João, 259",218 m² construídos2 quartos,centro,218,2.0
34,2500,,65 m² construídos2 quartos,centro,65,2.0
35,1600,,68 m² construídos2 quartos,centro,68,2.0
36,2163,Rua Da Conceição,86 m² construídos6 quartos,centro,86,6.0
37,1000,,60 m² construídos2 quartos,centro,60,2.0
38,8000,"Rua Barão Do Amazonas, 415",180 m² construídos,centro,180,1.9166666666666667
39,600,"Avenida Ernani Do Amaral Peixoto, 71",40 m² construídos,centro,40,1.9166666666666667
40,800,,27 m² construídos,centro,27,1.9166666666666667
41,15000,,590 m² construídos,centro,590,1.9166666666666667
42,5500,,216 m² construídos,centro,216,1.9166666666666667
43,3500,,210 m² construídos,centro,210,1.9166666666666667
44,45000,,450 m² construídos,centro,450,1.9166666666666667
45,1300,Rua Quinze De Novembro,27 m² construídos,centro,27,1.9166666666666667
46,12000,Avenida Marquês Do Paraná,550 m² construídos,centro,550,1.9166666666666667
47,1500,,28 m² construídos,centro,28,1.9166666666666667
0,13000,Avenida Marquês Do Paraná,550 m² construídos,centro,550,1.9090909090909092
1,1000,,45 m² construídos,centro,45,1.9090909090909092
2,35000,Rua Almirante Teffe,500 m² construídos,centro,500,1.9090909090909092
3,2200,Rua Visconde De Sepetiba,143 m² construídos,centro,143,1.9090909090909092
4,11800,,550 m² construídos,centro,550,1.9090909090909092
5,1000,"Rua Da Conceição,
                95",32 m² construídos,centro,32,1.9090909090909092
6,1200,"Rua Barão Do Amazonas,
                02",45 m² construídos2 quartos,centro,45,2.0
7,1244,,46 m² construídos1 quarto,centro,46,1.0
8,1500,,50 m² construídos,centro,50,1.9090909090909092
9,960,Rua Visconde De Itaboraí,72 m² construídos2 quartos,centro,72,2.0
10,2800,"Rua Luiz Leopoldo Fernandes Pinheiro,
                572",120 m² construídos,centro,120,1.9090909090909092
11,950,Rua Da Conceição,45 m² construídos,centro,45,1.9090909090909092
12,2500,Rua Jornalista Roberto De Andrade,200 m² construídos4 quartos,centro,200,4.0
13,3500,Rua Visconde Do Uruguai,130 m² construídos,centro,130,1.9090909090909092
14,1200,"Rua Xv De Novembro, 4",45 m² construídos,centro,45,1.9090909090909092
15,980,Rua Marquês De Paraná,71 m² construídos2 quartos,centro,71,2.0
16,1000,"Rua Doutor Celestino,
                122",30 m² construídos,centro,30,1.9090909090909092
17,8000,Rua Almirante Teffe,130 m² construídos,centro,130,1.9090909090909092
18,3700,Rua Visconde Do Uruguai,160 m² construídos,centro,160,1.9090909090909092
19,500,Rua Coronel Gomes Machado,32 m² construídos,centro,32,1.9090909090909092
20,1500,Rua Marquês De Paraná,108 m² construídos2 quartos,centro,108,2.0
21,1100,"Rua Da Conceição,
                95",32 m² construídos,centro,32,1.9090909090909092
22,2500,"Rua Da Conceição,
                143",60 m² construídos,centro,60,1.9090909090909092
23,650,Avenida Ernani Do Amaral Peixoto,35 m² construídos,centro,35,1.9090909090909092
24,690,Rua Visconde Do Uruguai,45 m² construídos,centro,45,1.9090909090909092
25,1500,,60 m² construídos2 quartos,centro,60,2.0
26,14000,"Rua Doutor Celestino, 198",180 m² construídos,centro,180,1.9090909090909092
27,1000,"Rua Luiz Leopoldo Fernandes Pinheiro, 551",54 m² construídos,centro,54,1.9090909090909092
28,600,"Rua Da Conceição, 99",20 m² construídos,centro,20,1.9090909090909092
29,850,,45 m² construídos,centro,45,1.9090909090909092
30,990,Avenida Felíciano Sodré,60 m² construídos1 quarto,centro,60,1.0
31,30000,,700 m² construídos,centro,700,1.9090909090909092
32,30000,,700 m² construídos,centro,700,1.9090909090909092
33,25000,,405 m² construídos,centro,405,1.9090909090909092
34,2000,,30 m² construídos,centro,30,1.9090909090909092
35,1200,"Rua Da Conceição, 1881601",45 m² construídos,centro,45,1.9090909090909092
36,2500,"Rua Luiz Leopoldo Fernandes Pinheiro, 521",120 m² construídos,centro,120,1.9090909090909092
37,15000,"Rua Visconde De Sepetiba, 935",382 m² construídos,centro,382,1.9090909090909092
38,1200,,33 m² construídos,centro,33,1.9090909090909092
39,12000,,550 m² construídos,centro,550,1.9090909090909092
40,1050,Rua Senador Nabuco,60 m² construídos1 quarto,centro,60,1.0
41,1000,"Rua Da Conceição, 99",86 m² construídos,centro,86,1.9090909090909092
42,10000,"Rua Quinze De Novembro, 94",180 m² construídos,centro,180,1.9090909090909092
43,1000,"Rua Jornalista Moacir Padilha, 70",50 m² construídos2 quartos,centro,50,2.0
44,800,"Rua Maestro Felício Toledo, 519",38 m² construídos,centro,38,1.9090909090909092
45,1200,,33 m² construídos,centro,33,1.9090909090909092
46,1400,"Rua Visconde De Sepetiba, 50",60 m² construídos2 quartos,centro,60,2.0
47,10000,Rua Doutor Celestino,550 m² construídos,centro,550,1.9090909090909092
0,1150,,28 m² construídos,centro,28,1.6551724137931034
1,6000,,370 m² construídos4 quartos,centro,370,4.0
2,600,Rua Da Conceição,25 m² construídos,centro,25,1.6551724137931034
3,10000,"Rua Doutor Celestino, 198",550 m² construídos,centro,550,1.6551724137931034
4,2100,Rua Da Conceição,70 m² construídos,centro,70,1.6551724137931034
5,1200,,33 m² construídos,centro,33,1.6551724137931034
6,900,,24 m² construídos,centro,24,1.6551724137931034
7,1200,,55 m² construídos2 quartos,centro,55,2.0
8,35000,,500 m² construídos,centro,500,1.6551724137931034
9,1600,Rua Visconde De Itaboraí,130 m² construídos2 quartos,centro,130,2.0
10,1380,Avenida Marquês Do Paraná,68 m² construídos3 quartos,centro,68,3.0
11,1240,Rua Marechal Deodoro,60 m² construídos1 quarto,centro,60,1.0
12,950,Rua Marechal Deodoro,65 m² construídos2 quartos,centro,65,2.0
13,1200,Rua Marquês De Paraná,88 m² construídos1 quarto,centro,88,1.0
14,1500,Rua Marquês De Paraná,108 m² construídos2 quartos,centro,108,2.0
15,6000,,210 m² construídos,centro,210,1.6551724137931034
16,1600,"Avenida Ernani Do Amaral Peixoto, 96",105 m² construídos,centro,105,1.6551724137931034
17,3500,Rua Marquês De Olinda,225 m² construídos4 quartos,centro,225,4.0
18,1100,Rua Da Conceição,50 m² construídos2 quartos,centro,50,2.0
19,1500,Rua Marquês De Paraná,111 m² construídos2 quartos,centro,111,2.0
20,1500,Rua Marquês De Paraná,108 m² construídos2 quartos,centro,108,2.0
21,1390,Avenida Ernani Do Amaral Peixoto,99 m² construídos3 quartos,centro,99,3.0
22,1500,Rua Marquês De Paraná,88 m² construídos2 quartos,centro,88,2.0
23,1500,,20 m² construídos,centro,20,1.6551724137931034
24,1100,Rua Quinze De Novembro,50 m² construídos1 quarto,centro,50,1.0
25,1200,Rua Marquês De Paraná,91 m² construídos1 quarto,centro,91,1.0
26,700,Rua Feliciano Sodré,60 m² construídos1 quarto,centro,60,1.0
27,1500,,60 m² construídos2 quartos,centro,60,2.0
28,750,"Avenida Ernani Do Amaral Peixoto, 436",30 m² construídos1 quarto,centro,30,1.0
29,1290,Rua Maestro Felicio Toledo,38 m² construídos1 quarto,centro,38,1.0
30,70000,,"3,000 m² construídos",centro,3000,1.6551724137931034
31,12000,,550 m² construídos,centro,550,1.6551724137931034
32,1200,Rua Marquês De Paraná,88 m² construídos1 quarto,centro,88,1.0
33,1200,Rua Marquês De Paraná,88 m² construídos1 quarto,centro,88,1.0
34,750,Avenida Ernani Do Amaral Peixoto 370,40 m² construídos1 quarto,centro,40,1.0
35,900,Avenida Visconde Do Rio Branco,40 m² construídos1 quarto,centro,40,1.0
36,1000,Avenida Visconde Do Rio Branco,50 m² construídos1 quarto,centro,50,1.0
37,1200,Rua Marquês De Paraná,91 m² construídos1 quarto,centro,91,1.0
38,1100,"Rua Quinze De Novembro, 90",27 m² construídos,centro,27,1.6551724137931034
39,850,"Rua Coronel Gomes Machado, 136",35 m² construídos,centro,35,1.6551724137931034
40,500,Rua Da Conceição,20 m² construídos1 quarto,centro,20,1.0
41,700,Avenida Felíciano Sodré,60 m² construídos1 quarto,centro,60,1.0
42,640,Rua São João,30 m² construídos1 quarto,centro,30,1.0
43,6000,,150 m² construídos,centro,150,1.6551724137931034
44,800,,30 m² construídos,centro,30,1.6551724137931034
45,10000,"Rua Doutor Celestino, 198",448 m² construídos,centro,448,1.6551724137931034
46,550,,34 m² construídos,centro,34,1.6551724137931034
47,1000,"Rua Doutor Celestino,
                122",30 m² construídos,centro,30,1.6551724137931034
0,1500,Avenida Visconde Do Rio Branco,54 m² construídos2 quartos,centro,54,2.0
1,1350,4 Torre Norte,40 m² construídos,centro,40,1.3333333333333333
2,15000,Rua São Pedro,588 m² construídos,centro,588,1.3333333333333333
3,1000,"Rua José Clemente, 94",40 m² construídos,centro,40,1.3333333333333333
4,600,,40 m² construídos1 quarto,centro,40,1.0
5,1600,"Avenida Ernani Do Amaral Peixoto, 96",105 m² construídos2 quartos,centro,105,2.0
6,860,Rua Doutor Celestino,50 m² construídos1 quarto,centro,50,1.0
7,1020,"Rua São João, 217",43 m² construídos1 quarto,centro,43,1.0
8,800,,24 m² construídos,centro,24,1.3333333333333333
9,500,Avenida Ernani Do Amaral Peixoto,32 m² construídos1 quarto,centro,32,1.0
10,650,"Rua Maestro Felício Toledo, 495",25 m² construídos,centro,25,1.3333333333333333
11,500,Rua Maestro Felício Toledo,30 m² construídos1 quarto,centro,30,1.0
12,600,Rua Da Conceição,40 m² construídos1 quarto,centro,40,1.0
13,1000,"Rua Quinze De Novembro, 8",30 m² construídos,centro,30,1.3333333333333333
14,600,Rua Almirante Teffe,40 m² construídos1 quarto,centro,40,1.0
15,500,Rua Da Conceição - Ed. Brasília,23 m² construídos1 quarto,centro,23,1.0
16,950,,30 m² construídos,centro,30,1.3333333333333333
17,500,"Rua Coronel Gomes Machado, 174",30 m² construídos,centro,30,1.3333333333333333
18,800,Avenida Ernani Do Amaral Peixoto,30 m² construídos,centro,30,1.3333333333333333
19,500,"Avenida Ernani Do Amaral Peixoto, 300",29 m² construídos,centro,29,1.3333333333333333
20,20000,Rua Coronel Gomes Machado,260 m² construídos,centro,260,1.3333333333333333
21,800,Rua Evaristo Da Veiga,27 m² construídos1 quarto,centro,27,1.0
22,900,Rua São João,26 m² construídos1 quarto,centro,26,1.0
23,600,Avenida Ernani Do Amaral Peixoto,30 m² construídos1 quarto,centro,30,1.0
24,35000,"Rua Quinze De Novembro, 4",500 m² construídos,centro,500,1.3333333333333333
25,600,"Avenida Ernani Do Amaral Peixoto, 36",30 m² construídos,centro,30,1.3333333333333333
26,980,Avenida Ernani Do Amaral Peixoto,42 m² construídos1 quarto,centro,42,1.0
27,640,Rua São João,30 m² construídos1 quarto,centro,30,1.0
28,900,"Avenida Ernani Do Amaral Peixoto,
                96",100 m² construídos3 quartos,centro,100,3.0
29,600,36 1003,35 m² construídos,centro,35,1.3333333333333333
30,700,"Rua Quinze De Novembro, 106",30 m² construídos,centro,30,1.3333333333333333
31,1000,"Rua Barão Do Amazonas, 2",41 m² construídos2 quartos,centro,41,2.0
32,800,,54 m² construídos,centro,54,1.3333333333333333
33,1400,"Rua Doutor Borman, 13",28 m² construídos,centro,28,1.3333333333333333
34,650,,36 m² construídos,centro,36,1.3333333333333333
35,500,,30 m² construídos,centro,30,1.3333333333333333
36,500,Rua Da Conceição,20 m² construídos1 quarto,centro,20,1.0
37,650,Avenida Ernani Do Amaral Peixoto,30 m² construídos1 quarto,centro,30,1.0
38,600,,35 m² construídos,centro,35,1.3333333333333333
39,1000,,36 m² construídos,centro,36,1.3333333333333333
40,730,Avenida Ernani Do Amaral Peixoto,40 m² construídos1 quarto,centro,40,1.0
41,32000,,570 m² construídos,centro,570,1.3333333333333333
42,500,"Avenida Ernani Do Amaral Peixoto,
                36",33 m² construídos,centro,33,1.3333333333333333
43,600,"Avenida Visconde Do Rio Branco,
                633",28 m² construídos,centro,28,1.3333333333333333
44,500,"Rua Coronel Gomes Machado,
                130",30 m² construídos,centro,30,1.3333333333333333
45,1000,"Rua Acadêmico Valter Gonçalves, 1",43 m² construídos,centro,43,1.3333333333333333
46,1500,96 601,110 m² construídos3 quartos,centro,110,3.0
47,950,"Rua Doutor Borman, 43",40 m² construídos,centro,40,1.3333333333333333
0,500,"Rua Luiz Leopoldo Fernandes Pinheiro, 481",28 m² construídos,centro,28,1.4705882352941178
1,1000,"Rua Euzébio De Queirós, 15",60 m² construídos2 quartos,centro,60,2.0
2,600,,59 m² construídos,centro,59,1.4705882352941178
3,1090,,29 m² construídos,centro,29,1.4705882352941178
4,1990,Rua Marechal Deodoro,75 m² construídos,centro,75,1.4705882352941178
5,1200,"Rua Quinze De Novembro, 4",35 m² construídos,centro,35,1.4705882352941178
6,500,"Avenida Ernani Do Amaral Peixoto, 300",22 m² construídos,centro,22,1.4705882352941178
7,600,"Rua Quinze De Novembro, 4",29 m² construídos,centro,29,1.4705882352941178
8,1750,"Rua Da Conceição, 95",36 m² construídos,centro,36,1.4705882352941178
9,950,Rua Da Conceição,35 m² construídos,centro,35,1.4705882352941178
10,1800,"Rua Visconde De Sepetiba, 86",70 m² construídos2 quartos,centro,70,2.0
11,600,"Rua Quinze De Novembro, 94",28 m² construídos,centro,28,1.4705882352941178
12,800,,30 m² construídos,centro,30,1.4705882352941178
13,1500,,90 m² construídos2 quartos,centro,90,2.0
14,950,Rua Visconde De Itaboraí,67 m² construídos2 quartos,centro,67,2.0
15,980,,75 m² construídos2 quartos,centro,75,2.0
16,500,"Rua Da Conceição, 188",39 m² construídos,centro,39,1.4705882352941178
17,450,"Rua Doutor Borman, 13",25 m² construídos,centro,25,1.4705882352941178
18,520,"Avenida Ernani Do Amaral Peixoto, 300",28 m² construídos,centro,28,1.4705882352941178
19,750,,26 m² construídos,centro,26,1.4705882352941178
20,800,"Avenida Feliciano Sodré,
                95/904",58 m² construídos2 quartos,centro,58,2.0
21,700,"Rua Quinze De Novembro, 90",29 m² construídos,centro,29,1.4705882352941178
22,640,"Avenida Ernani Do Amaral Peixoto, 450",35 m² construídos,centro,35,1.4705882352941178
23,1200,"Rua Barão Do Amazonas, 2",41 m² construídos2 quartos,centro,41,2.0
24,600,Avenida Felíciano Sodré,45 m² construídos1 quarto,centro,45,1.0
25,600,"Rua Doutor Borman, 13",27 m² construídos,centro,27,1.4705882352941178
26,600,,15 m² construídos1 quarto,centro,15,1.0
27,800,Rua Marechal Deodoro,60 m² construídos1 quarto,centro,60,1.0
28,900,"Rua  Dr  Borman, 10",60 m² construídos1 quarto,centro,60,1.0
29,600,"Rua Visconde De Rio Branco,",20 m² construídos,centro,20,1.4705882352941178
30,600,,30 m² construídos1 quarto,centro,30,1.0
31,1100,,98 m² construídos2 quartos,centro,98,2.0
32,390,"Rua Da Conceição, 137",16 m² construídos,centro,16,1.4705882352941178
33,650,"Rua Coronel Gomes Machado, 174",35 m² construídos,centro,35,1.4705882352941178
34,350,,56 m² construídos,centro,56,1.4705882352941178
35,500,,22 m² construídos1 quarto,centro,22,1.0
36,600,,26 m² construídos,centro,26,1.4705882352941178
37,500,Avenida Amaral Peixoto,24 m² construídos1 quarto,centro,24,1.0
38,599,"Rua Coronel Gomes Machado, 174",30 m² construídos1 quarto,centro,30,1.0
39,550,"Rua Da Conceição, 99",25 m² construídos,centro,25,1.4705882352941178
40,600,Maestro Felicio Toledo 500,40 m² construídos,centro,40,1.4705882352941178
41,100000,Rua Coronel Gomes Machado 173,16 m² construídos,centro,16,1.4705882352941178
42,150,Amaral Peixoto 347,2 m² construídos,centro,2,1.4705882352941178
43,400,Rua Da Conceição 101,28 m² construídos1 quarto,centro,28,1.0
44,390,Av. Ernani Amaral Peixoto 460 405,32 m² construídos,centro,32,1.4705882352941178
0,800,Rua Suiça  07,70 m² construídos2 quartos,cubango,70,2.0
0,680,Estrada Francisco Da Cruz Nunes,60 m² construídos2 quartos,cantagalo,60,2.0
0,2800,Avenida Prefeito Sylvio Picanço,113 m² construídos3 quartos,charitas,113,3.0
1,3162,Rua São Caetano,170 m² construídos4 quartos,charitas,170,4.0
2,1950,Rua Leonel Magalhães,80 m² construídos2 quartos,charitas,80,2.0
3,1950,,35 m² construídos,charitas,35,2.2222222222222223
4,2200,,38 m² construídos,charitas,38,2.2222222222222223
5,2100,,88 m² construídos2 quartos,charitas,88,2.0
6,1850,,26 m² construídos,charitas,26,2.2222222222222223
7,1850,,26 m² construídos,charitas,26,2.2222222222222223
8,2250,,35 m² construídos,charitas,35,2.2222222222222223
9,2250,,38 m² construídos,charitas,38,2.2222222222222223
10,2000,,80 m² construídos2 quartos,charitas,80,2.0
11,1800,,36 m² construídos,charitas,36,2.2222222222222223
12,1950,,80 m² construídos2 quartos,charitas,80,2.0
13,2900,Rua Madre Maria Victoria,102 m² construídos2 quartos,charitas,102,2.0
14,2500,,85 m² construídos2 quartos,charitas,85,2.0
15,2500,,84 m² construídos2 quartos,charitas,84,2.0
16,2150,"Rua Madre Maria Victoria, 30",75 m² construídos2 quartos,charitas,75,2.0
17,2700,"Avenida Sílvio Picanço, 615",90 m² construídos2 quartos,charitas,90,2.0
18,2500,"Rua Juiz Alberto Nader, 77",85 m² construídos2 quartos,charitas,85,2.0
19,15000,,515 m² construídos,charitas,515,2.2222222222222223
20,2500,"Rua Marechal Raul De Albuquerque, 2",24 m² construídos,charitas,24,2.2222222222222223
21,1750,,26 m² construídos,charitas,26,2.2222222222222223
22,4500,273 Bloco 1,110 m² construídos3 quartos,charitas,110,3.0
23,2700,"Rua Madre Maria Victoria, 1",102 m² construídos2 quartos,charitas,102,2.0
24,2300,,100 m² construídos2 quartos,charitas,100,2.0
25,1800,"Rua Clotilde Maria Linhares Pinsky, 1",60 m² construídos1 quarto,charitas,60,1.0
26,1150,"Rua Clotilde Maria Linhares Pinsky,
                1",45 m² construídos1 quarto,charitas,45,1.0
27,4500,,450 m² construídos4 quartos,charitas,450,4.0
28,45000,Rua Madre Maria Victória  90,70 m² construídos,charitas,70,2.2222222222222223
0,1050,Alameda São Boaventura,120 m² construídos3 quartos,fonseca,120,3.0
1,1220,Rua Riodades,80 m² construídos2 quartos,fonseca,80,2.0
2,1260,Avenida Professor João Brasil,80 m² construídos2 quartos,fonseca,80,2.0
3,1090,Rua Conrado Barbosa De Souza,70 m² construídos2 quartos,fonseca,70,2.0
4,1920,Travessa Manoel Benício,80 m² construídos2 quartos,fonseca,80,2.0
5,2200,Travessa Victor Pestre,171 m² construídos4 quartos,fonseca,171,4.0
6,950,Rua Riodades,60 m² construídos2 quartos,fonseca,60,2.0
7,1300,Travessa Silvestre Cabral,90 m² construídos2 quartos,fonseca,90,2.0
8,1800,,158 m² construídos3 quartos,fonseca,158,3.0
9,8000,,500 m² construídos,fonseca,500,2.317073170731707
10,900,Rua Professora Lilian Lemos Mercadette,60 m² construídos2 quartos,fonseca,60,2.0
11,1000,"Alameda São Boa Ventura, 369",90 m² construídos3 quartos,fonseca,90,3.0
12,1400,"Rua Coronel José Teixeira, 100",74 m² construídos2 quartos,fonseca,74,2.0
13,900,"Rua Doutor Carlos Imbassahy, 48",55 m² construídos2 quartos,fonseca,55,2.0
14,680,"Rua Ilka Brasil Barbosa,
                120",40 m² construídos1 quarto,fonseca,40,1.0
15,700,Rua São Geraldo,55 m² construídos2 quartos,fonseca,55,2.0
16,1250,Alameda São Boaventura,57 m² construídos2 quartos,fonseca,57,2.0
17,1100,Rua Sá Barreto,70 m² construídos2 quartos,fonseca,70,2.0
18,800,Avenida Professor João Brasil,58 m² construídos2 quartos,fonseca,58,2.0
19,1000,,65 m² construídos2 quartos,fonseca,65,2.0
20,1400,,94 m² construídos3 quartos,fonseca,94,3.0
21,900,,42 m² construídos2 quartos,fonseca,42,2.0
22,60000,"Alameda São Boa Ventura, 121",750 m² construídos,fonseca,750,2.317073170731707
23,990,,55 m² construídos2 quartos,fonseca,55,2.0
24,1000,"Alameda São Boa Ventura, 1096",70 m² construídos2 quartos,fonseca,70,2.0
25,15000,,273 m² construídos,fonseca,273,2.317073170731707
26,8000,,150 m² construídos4 quartos,fonseca,150,4.0
27,5000,"Rua Professora Zuleica Brasil Silva, 7",800 m² construídos,fonseca,800,2.317073170731707
28,690,Alameda São Boaventura,75 m² construídos2 quartos,fonseca,75,2.0
29,1500,,50 m² construídos2 quartos,fonseca,50,2.0
30,900,Alameda São Boaventura,85 m² construídos2 quartos,fonseca,85,2.0
31,1000,Alameda São Boaventura,56 m² construídos2 quartos,fonseca,56,2.0
32,800,"Rua Riodades, 145",51 m² construídos2 quartos,fonseca,51,2.0
33,4080,Alameda Boaventura,300 m² construídos5 quartos,fonseca,300,5.0
34,1150,,70 m² construídos2 quartos,fonseca,70,2.0
35,8000,Alameda São Boaventura,500 m² construídos5 quartos,fonseca,500,5.0
36,1200,"Avenida Professor João Brasil, 366",78 m² construídos2 quartos,fonseca,78,2.0
37,1160,"Rua São José, 67",75 m² construídos2 quartos,fonseca,75,2.0
38,3100,,192 m² construídos,fonseca,192,2.317073170731707
39,15000,,"1,400 m² construídos",fonseca,1400,2.317073170731707
40,1000,"Alameda São Boa Ventura, 210",68 m² construídos2 quartos,fonseca,68,2.0
41,1000,,60 m² construídos2 quartos,fonseca,60,2.0
42,600,,40 m² construídos1 quarto,fonseca,40,1.0
43,19900,"Rua Desembargador Lima Castro, 66","1,100 m² construídos",fonseca,1100,2.317073170731707
44,1000,,60 m² construídos2 quartos,fonseca,60,2.0
45,1300,,50 m² construídos2 quartos,fonseca,50,2.0
46,1500,802 Sobrado Casa 22,100 m² construídos3 quartos,fonseca,100,3.0
47,1400,987 Bloco A,55 m² construídos2 quartos,fonseca,55,2.0
0,3500,60 Casa,145 m² construídos4 quartos,fonseca,145,4.0
1,4900,Alameda São Boa Ventura,87 m² construídos,fonseca,87,2.15
2,520,Rua Conrado Barbosa De Souza,46 m² construídos2 quartos,fonseca,46,2.0
3,1300,Rua Desembargador Lima Castro,110 m² construídos4 quartos,fonseca,110,4.0
4,3500,"Avenida Vinte E Dois De Novembro, 0",250 m² construídos5 quartos,fonseca,250,5.0
5,970,Alameda São Boaventura,60 m² construídos2 quartos,fonseca,60,2.0
6,2300,Avenida Vinte E Dois De Novembro,100 m² construídos2 quartos,fonseca,100,2.0
7,820,Rua Lopes Cunha,50 m² construídos2 quartos,fonseca,50,2.0
8,1120,1029 Bloco 4,82 m² construídos2 quartos,fonseca,82,2.0
9,600,"Rua Sá Barreto, 98",66 m² construídos2 quartos,fonseca,66,2.0
10,800,,60 m² construídos2 quartos,fonseca,60,2.0
11,17000,,400 m² construídos,fonseca,400,2.15
12,3500,,69 m² construídos,fonseca,69,2.15
13,1200,Rua Desembargador Lima Castro,85 m² construídos2 quartos,fonseca,85,2.0
14,900,,50 m² construídos2 quartos,fonseca,50,2.0
15,850,"Rua Desembargador Lima Castro, 102",80 m² construídos2 quartos,fonseca,80,2.0
16,2800,,54 m² construídos,fonseca,54,2.15
17,700,Rua Lopes Da Cunha,20 m² construídos1 quarto,fonseca,20,1.0
18,35000,"Alameda São Boa Ventura, 665","1,100 m² construídos",fonseca,1100,2.15
19,4900,,87 m² construídos,fonseca,87,2.15
20,1500,"Alameda São Boa Ventura, 802",98 m² construídos3 quartos,fonseca,98,3.0
21,1200,802. Loc 22 Térrea,100 m² construídos2 quartos,fonseca,100,2.0
22,1800,,80 m² construídos,fonseca,80,2.15
23,700,"Alameda São Boa Ventura, 540",23 m² construídos,fonseca,23,2.15
24,800,"Alameda São Boa Ventura, 690",55 m² construídos2 quartos,fonseca,55,2.0
25,700,"Travessa Vítor Pestre,
                102",45 m² construídos2 quartos,fonseca,45,2.0
26,620,Rua Riodades,75 m² construídos2 quartos,fonseca,75,2.0
27,700,,60 m² construídos2 quartos,fonseca,60,2.0
28,1000,"Rua Desembargador Lima Castro,
                113",88 m² construídos3 quartos,fonseca,88,3.0
29,700,"Rua Riodades, 145",60 m² construídos2 quartos,fonseca,60,2.0
30,900,,60 m² construídos2 quartos,fonseca,60,2.0
31,900,,60 m² construídos2 quartos,fonseca,60,2.0
32,700,"Travessa Vítor Pestre,
                102",55 m² construídos2 quartos,fonseca,55,2.0
33,900,200 308 Bloc 05,48 m² construídos2 quartos,fonseca,48,2.0
34,800,Rua Zoraida Brasil Alcântara,60 m² construídos2 quartos,fonseca,60,2.0
35,750,96 Bloco,65 m² construídos2 quartos,fonseca,65,2.0
36,1490,"Rua Maximiniano, 182",280 m² construídos3 quartos,fonseca,280,3.0
37,730,Rua Doutor Carlos Imbassahy,55 m² construídos2 quartos,fonseca,55,2.0
38,700,,55 m² construídos2 quartos,fonseca,55,2.0
39,500,,35 m² construídos1 quarto,fonseca,35,1.0
40,750,"Alameda São Boa Ventura, 692",46 m² construídos2 quartos,fonseca,46,2.0
41,800,"Rua Desembargador Lima Castro,
                282",70 m² construídos2 quartos,fonseca,70,2.0
42,900,,75 m² construídos3 quartos,fonseca,75,3.0
43,500,"Rua São Geraldo, 135",62 m² construídos1 quarto,fonseca,62,1.0
44,500,Rua Riodades,60 m² construídos2 quartos,fonseca,60,2.0
45,600,135 Loc,65 m² construídos2 quartos,fonseca,65,2.0
46,750,"Alameda São Boaventura,
                931",30 m² construídos1 quarto,fonseca,30,1.0
47,500,"Travessa Vítor Pestre,
                102",45 m² construídos1 quarto,fonseca,45,1.0
0,520,Rua Conrado Barbosa De Souza,42 m² construídos2 quartos,fonseca,42,2.0
0,850,Rua Manoel Corrêa,15 m² construídos1 quarto,fatima,15,1.0
1,950,Rua Monsenhor Macedo,61 m² construídos3 quartos,fatima,61,3.0
2,680,Rua Manoel Corrêa,15 m² construídos1 quarto,fatima,15,1.0
3,850,Rua Manoel Corrêa,15 m² construídos1 quarto,fatima,15,1.0
4,680,Rua Manoel Corrêa,15 m² construídos1 quarto,fatima,15,1.0
5,680,Rua Manoel Corrêa,15 m² construídos1 quarto,fatima,15,1.0
6,2440,Rua Arídio Martins,88 m² construídos3 quartos,fatima,88,3.0
7,1000,"Rua Andrade Pinto,
                18",45 m² construídos1 quarto,fatima,45,1.0
8,890,"Rua Saud Salomão Saud, 28",60 m² construídos2 quartos,fatima,60,2.0
9,1200,,75 m² construídos2 quartos,fatima,75,2.0
10,1850,,70 m² construídos2 quartos,fatima,70,2.0
11,900,Rua Arídio Martins,65 m² construídos2 quartos,fatima,65,2.0
12,1100,Rua Princesa Isabel,15 m² construídos1 quarto,fatima,15,1.0
13,1100,,45 m² construídos1 quarto,fatima,45,1.0
14,1500,,60 m² construídos3 quartos,fatima,60,3.0
15,1400,,70 m² construídos2 quartos,fatima,70,2.0
16,1200,Rua Arídio Martins,65 m² construídos2 quartos,fatima,65,2.0
17,900,"Rua Aridio Martins, 50",65 m² construídos2 quartos,fatima,65,2.0
18,1100,,50 m² construídos1 quarto,fatima,50,1.0
19,1500,,90 m² construídos2 quartos,fatima,90,2.0
20,700,"Rua Monsenhor Macedo, 2",60 m² construídos2 quartos,fatima,60,2.0
21,650,,30 m² construídos1 quarto,fatima,30,1.0
22,650,,30 m² construídos1 quarto,fatima,30,1.0
0,2500,,56 m² construídos1 quarto,gragoata,56,1.0
1,2300,,116 m² construídos1 quarto,gragoata,116,1.0
2,1700,,42 m² construídos1 quarto,gragoata,42,1.0
3,1500,,80 m² construídos1 quarto,gragoata,80,1.0
4,1072,Avenida General Milton Tavares De Souza,85 m² construídos3 quartos,gragoata,85,3.0
5,760,Rua Engenheiro Roberto Velasco Cardoso,56 m² construídos1 quarto,gragoata,56,1.0
6,950,Rua Eng. Roberto V. Cardoso,58 m² construídos1 quarto,gragoata,58,1.0
7,2300,,75 m² construídos3 quartos,gragoata,75,3.0
8,2500,"Rua Engenheiro Roberto Velasco Cardoso, 321",56 m² construídos1 quarto,gragoata,56,1.0
9,420,Coronel Tamarindo  00000000000000000000,"40,000 m² construídos",gragoata,40000,1.4444444444444444
0,1100,Rua Domingues De Sá,120 m² construídos3 quartos,icarai,120,3.0
1,2000,Rua Miguel De Frias,50 m² construídos1 quarto,icarai,50,1.0
2,3200,Rua Dom Bosco,114 m² construídos3 quartos,icarai,114,3.0
3,1480,Rua Domingues De Sá,70 m² construídos1 quarto,icarai,70,1.0
4,1100,Avenida Jornalista Alberto Francisco Torres,40 m² construídos1 quarto,icarai,40,1.0
5,1500,Rua General Pereira Da Silva,150 m² construídos4 quartos,icarai,150,4.0
6,2000,Rua Mem De Sá,100 m² construídos3 quartos,icarai,100,3.0
7,3570,Rua Álvares De Azevedo,99 m² construídos3 quartos,icarai,99,3.0
8,1300,Rua Joaquim Távora,66 m² construídos1 quarto,icarai,66,1.0
9,2600,Rua Joaquim Távora,110 m² construídos3 quartos,icarai,110,3.0
10,2200,Rua Álvares De Azevedo,40 m² construídos1 quarto,icarai,40,1.0
11,2500,Rua General Pereira Da Silva,140 m² construídos3 quartos,icarai,140,3.0
12,2600,Rua Gavião Peixoto,114 m² construídos4 quartos,icarai,114,4.0
13,2000,Rua Álvares De Azevedo,150 m² construídos3 quartos,icarai,150,3.0
14,1900,Avenida Roberto Silveira,50 m² construídos1 quarto,icarai,50,1.0
15,1872,Rua Lemos Cunha,95 m² construídos3 quartos,icarai,95,3.0
16,2150,Rua Coronel Moreira César,84 m² construídos1 quarto,icarai,84,1.0
17,1260,Rua Ministro Otávio Kelly,76 m² construídos2 quartos,icarai,76,2.0
18,2000,Avenida Almirante Ary Parreiras,110 m² construídos4 quartos,icarai,110,4.0
19,1410,Rua Presidente Backer,70 m² construídos1 quarto,icarai,70,1.0
20,2500,Avenida Sete De Setembro,160 m² construídos3 quartos,icarai,160,3.0
21,2100,Rua Álvares De Azevedo,120 m² construídos3 quartos,icarai,120,3.0
22,2000,Rua Doutor Tavares De Macedo,70 m² construídos2 quartos,icarai,70,2.0
23,2800,Rua Nóbrega,70 m² construídos2 quartos,icarai,70,2.0
24,2130,Rua Ministro Otávio Kelly,89 m² construídos2 quartos,icarai,89,2.0
25,1810,Otávio Carneiro,80 m² construídos3 quartos,icarai,80,3.0
26,1400,Avenida Jornalista Alberto Francisco Torres,85 m² construídos3 quartos,icarai,85,3.0
27,2300,Rua Coronel Moreira Cesar,80 m² construídos2 quartos,icarai,80,2.0
28,2220,Rua Gavião Peixoto,100 m² construídos4 quartos,icarai,100,4.0
29,1860,Rua Ministro Otávio Kelly,85 m² construídos2 quartos,icarai,85,2.0
30,2000,Rua Doutor Carlos Halfeld,120 m² construídos2 quartos,icarai,120,2.0
31,1850,Rua Comendador Queirós,69 m² construídos2 quartos,icarai,69,2.0
32,1880,Avenida Roberto Silveira,45 m² construídos1 quarto,icarai,45,1.0
33,1800,Rua Miguel De Frias,98 m² construídos3 quartos,icarai,98,3.0
34,2300,Rua Mario Alves,85 m² construídos2 quartos,icarai,85,2.0
35,2000,Rua Coronel Moreira Cesar,87 m² construídos2 quartos,icarai,87,2.0
36,2500,Rua General Pereira Da Silva,87 m² construídos2 quartos,icarai,87,2.0
37,2000,Otavio Carneiro,40 m² construídos1 quarto,icarai,40,1.0
38,1950,Travessa Capitão Zeferino,75 m² construídos2 quartos,icarai,75,2.0
39,1250,,64 m² construídos2 quartos,icarai,64,2.0
40,1000,,45 m² construídos,icarai,45,2.25531914893617
41,1800,"Rua Lemos Cunha, 532",60 m² construídos2 quartos,icarai,60,2.0
42,1500,,60 m² construídos2 quartos,icarai,60,2.0
43,2100,,135 m² construídos3 quartos,icarai,135,3.0
44,2000,,90 m² construídos3 quartos,icarai,90,3.0
45,1500,"Rua Presidente Backer, 234",71 m² construídos2 quartos,icarai,71,2.0
46,1800,"Rua Lemos Cunha, 532",60 m² construídos2 quartos,icarai,60,2.0
47,1400,"Rua Lemos Cunha, 532",45 m² construídos1 quarto,icarai,45,1.0
0,1100,,52 m² construídos1 quarto,icarai,52,1.0
1,1800,,80 m² construídos2 quartos,icarai,80,2.0
2,4500,,130 m² construídos3 quartos,icarai,130,3.0
3,2000,"Rua Cinco De Julho, 344",80 m² construídos3 quartos,icarai,80,3.0
4,1400,"Rua Mariz E Barros, 252",61 m² construídos2 quartos,icarai,61,2.0
5,4200,"Rua Álvares De Azevedo, 121",180 m² construídos3 quartos,icarai,180,3.0
6,5700,"Avenida Jornalista Alberto Francisco Torres, 85",195 m² construídos4 quartos,icarai,195,4.0
7,4000,"Rua Domingues De Sá, 428",110 m² construídos2 quartos,icarai,110,2.0
8,3500,"Rua Otávio Carneiro, 77",81 m² construídos2 quartos,icarai,81,2.0
9,1600,"Rua Mariz E Barros, 15",45 m² construídos1 quarto,icarai,45,1.0
10,1300,,78 m² construídos2 quartos,icarai,78,2.0
11,2250,"Rua Coronel Moreira Cesar, 81",108 m² construídos3 quartos,icarai,108,3.0
12,1200,"Rua Santa Rosa, 104",65 m² construídos2 quartos,icarai,65,2.0
13,1800,,80 m² construídos2 quartos,icarai,80,2.0
14,1999,Rua Ministro Otávio Kelly,84 m² construídos2 quartos,icarai,84,2.0
15,1100,Rua Miguel De Frias,45 m² construídos1 quarto,icarai,45,1.0
16,8000,Avenida Jornalista Alberto Francisco Torres,158 m² construídos4 quartos,icarai,158,4.0
17,1900,"Rua Ministro Otávio Kelly, 467",85 m² construídos2 quartos,icarai,85,2.0
18,800,Rua Doutor Paulo César,60 m² construídos2 quartos,icarai,60,2.0
19,2600,"Avenida Jornalista Alberto Francisco Torres, 55",60 m² construídos2 quartos,icarai,60,2.0
20,1200,"Rua Domingues De Sá, 206",70 m² construídos1 quarto,icarai,70,1.0
21,1300,,71 m² construídos2 quartos,icarai,71,2.0
22,4000,,79 m² construídos2 quartos,icarai,79,2.0
23,1200,,53 m² construídos2 quartos,icarai,53,2.0
24,1400,,80 m² construídos2 quartos,icarai,80,2.0
25,3000,,46 m² construídos,icarai,46,2.511627906976744
26,2000,407 Loc,110 m² construídos3 quartos,icarai,110,3.0
27,1900,178,62 m² construídos2 quartos,icarai,62,2.0
28,1300,,40 m² construídos1 quarto,icarai,40,1.0
29,950,,22 m² construídos1 quarto,icarai,22,1.0
30,1143,,31 m² construídos,icarai,31,2.511627906976744
31,1500,Rua Gavião Peixoto,130 m² construídos3 quartos,icarai,130,3.0
32,1600,Rua Mem De Sá,130 m² construídos3 quartos,icarai,130,3.0
33,5500,"Avenida Jornalista Alberto Francisco Torres,
                85",168 m² construídos4 quartos,icarai,168,4.0
34,900,Rua Lopes Trovão,30 m² construídos,icarai,30,2.511627906976744
35,4500,,154 m² construídos4 quartos,icarai,154,4.0
36,3100,,81 m² construídos2 quartos,icarai,81,2.0
37,22000,,280 m² construídos,icarai,280,2.511627906976744
38,1900,Avenida Jornalista Alberto Francisco Torres 77,90 m² construídos3 quartos,icarai,90,3.0
39,3800,,142 m² construídos4 quartos,icarai,142,4.0
40,1500,,83 m² construídos2 quartos,icarai,83,2.0
41,3800,,142 m² construídos3 quartos,icarai,142,3.0
42,15000,,800 m² construídos,icarai,800,2.511627906976744
43,1800,,180 m² construídos4 quartos,icarai,180,4.0
44,5800,,159 m² construídos4 quartos,icarai,159,4.0
45,5500,,232 m² construídos4 quartos,icarai,232,4.0
46,2400,,114 m² construídos3 quartos,icarai,114,3.0
47,2997,Rua Osvaldo Cruz,120 m² construídos4 quartos,icarai,120,4.0
0,5300,Alameda Jornalista José Geraldo Da Costa,250 m² construídos3 quartos,icarai,250,3.0
1,6000,,300 m² construídos4 quartos,icarai,300,4.0
2,1200,,130 m² construídos4 quartos,icarai,130,4.0
3,1500,,33 m² construídos,icarai,33,2.7837837837837838
4,800,Rua Lopes Trovão,30 m² construídos,icarai,30,2.7837837837837838
5,2500,Rua Cinco De Julho,25 m² construídos,icarai,25,2.7837837837837838
6,1500,Rua Mariz E Barros,100 m² construídos,icarai,100,2.7837837837837838
7,3000,,125 m² construídos,icarai,125,2.7837837837837838
8,1400,Rua Mem De Sá,32 m² construídos,icarai,32,2.7837837837837838
9,3100,"Rua Miguel De Frias,  210",120 m² construídos2 quartos,icarai,120,2.0
10,3000,Rua Álvares De Azevedo,150 m² construídos4 quartos,icarai,150,4.0
11,850,"Rua Miguel De Frias,
                206/809",25 m² construídos,icarai,25,2.7837837837837838
12,2600,,50 m² construídos1 quarto,icarai,50,1.0
13,2200,,130 m² construídos3 quartos,icarai,130,3.0
14,2300,Avenida Almirante Ari Parreiras,37 m² construídos1 quarto,icarai,37,1.0
15,4400,"Rua Oswaldo Cruz, 41",130 m² construídos4 quartos,icarai,130,4.0
16,4000,Avenida Jornalista Alberto Francisco Torres,74 m² construídos2 quartos,icarai,74,2.0
17,1400,,140 m² construídos3 quartos,icarai,140,3.0
18,1500,Rua Doutor Tavares De Macedo,68 m² construídos2 quartos,icarai,68,2.0
19,6000,,80 m² construídos,icarai,80,2.7837837837837838
20,1500,,85 m² construídos2 quartos,icarai,85,2.0
21,1500,Avenida Roberto Silveira,75 m² construídos2 quartos,icarai,75,2.0
22,5900,,450 m² construídos,icarai,450,2.7837837837837838
23,2500,,90 m² construídos2 quartos,icarai,90,2.0
24,2300,Rua Joaquim Távora,90 m² construídos2 quartos,icarai,90,2.0
25,5500,,280 m² construídos4 quartos,icarai,280,4.0
26,8000,,350 m² construídos4 quartos,icarai,350,4.0
27,2500,,130 m² construídos3 quartos,icarai,130,3.0
28,2500,Rua Cinco De Julho,25 m² construídos,icarai,25,2.7837837837837838
29,6118,Rua Gavião Peixoto,150 m² construídos,icarai,150,2.7837837837837838
30,3500,,130 m² construídos3 quartos,icarai,130,3.0
31,1700,,75 m² construídos2 quartos,icarai,75,2.0
32,2000,Rua Gavião Peixoto,90 m² construídos3 quartos,icarai,90,3.0
33,7000,,400 m² construídos4 quartos,icarai,400,4.0
34,1800,,80 m² construídos2 quartos,icarai,80,2.0
35,2200,,80 m² construídos2 quartos,icarai,80,2.0
36,2100,,110 m² construídos4 quartos,icarai,110,4.0
37,2200,Rua Coronel Moreira Cesar,70 m² construídos2 quartos,icarai,70,2.0
38,1600,,100 m² construídos2 quartos,icarai,100,2.0
39,1600,Travessa Joaquim De Oliveira Rocha,55 m² construídos2 quartos,icarai,55,2.0
40,3500,,155 m² construídos2 quartos,icarai,155,2.0
41,1400,"Rua Gavião Peixoto, 407",120 m² construídos3 quartos,icarai,120,3.0
42,8500,,234 m² construídos4 quartos,icarai,234,4.0
43,4300,,161 m² construídos3 quartos,icarai,161,3.0
44,4000,,130 m² construídos3 quartos,icarai,130,3.0
45,5500,,128 m² construídos4 quartos,icarai,128,4.0
46,6000,Avenida Jornalista Alberto Francisco Torres,148 m² construídos4 quartos,icarai,148,4.0
47,4500,,60 m² construídos2 quartos,icarai,60,2.0
0,1500,Rua Joaquim Távora,110 m² construídos3 quartos,icarai,110,3.0
1,1500,27 Apto,90 m² construídos3 quartos,icarai,90,3.0
2,1300,,72 m² construídos2 quartos,icarai,72,2.0
3,4400,,141 m² construídos3 quartos,icarai,141,3.0
4,2300,Rua Cinco De Julho,57 m² construídos1 quarto,icarai,57,1.0
5,2500,,90 m² construídos2 quartos,icarai,90,2.0
6,1650,,75 m² construídos2 quartos,icarai,75,2.0
7,2760,Rua Gavião Peixoto,64 m² construídos,icarai,64,2.757575757575758
8,1400,,80 m² construídos2 quartos,icarai,80,2.0
9,25000,,430 m² construídos,icarai,430,2.757575757575758
10,1400,Rua Álvares De Azevedo,70 m² construídos2 quartos,icarai,70,2.0
11,2500,,140 m² construídos3 quartos,icarai,140,3.0
12,3900,,149 m² construídos2 quartos,icarai,149,2.0
13,2900,Rua Lopes Trovão,30 m² construídos,icarai,30,2.757575757575758
14,2200,Avenida Roberto Silveira,130 m² construídos3 quartos,icarai,130,3.0
15,60000,,900 m² construídos,icarai,900,2.757575757575758
16,12000,,120 m² construídos,icarai,120,2.757575757575758
17,3358,Rua Gavião Peixoto,80 m² construídos,icarai,80,2.757575757575758
18,1500,,34 m² construídos,icarai,34,2.757575757575758
19,1500,"Avenida Almirante Ary Parreiras, 87",75 m² construídos2 quartos,icarai,75,2.0
20,1300,Rua Presidente Backer,79 m² construídos2 quartos,icarai,79,2.0
21,6500,Travessa Dom Bosco,200 m² construídos,icarai,200,2.757575757575758
22,1200,"Rua Domingues De Sá, 293",28 m² construídos,icarai,28,2.757575757575758
23,12000,Rua Mariz E Barros,120 m² construídos,icarai,120,2.757575757575758
24,3800,"Rua Mem De Sá,
                143",70 m² construídos,icarai,70,2.757575757575758
25,1380,Rua Gavião Peixoto,32 m² construídos,icarai,32,2.757575757575758
26,7000,,270 m² construídos6 quartos,icarai,270,6.0
27,1700,,75 m² construídos2 quartos,icarai,75,2.0
28,1500,Rua Joaquim Távora,140 m² construídos3 quartos,icarai,140,3.0
29,2900,,98 m² construídos2 quartos,icarai,98,2.0
30,6500,Avenida Jornalista Alberto Francisco,130 m² construídos4 quartos,icarai,130,4.0
31,5000,,100 m² construídos,icarai,100,2.757575757575758
32,1200,"Avenida Almirante Ary Parreiras,
                15",25 m² construídos1 quarto,icarai,25,1.0
33,8000,,451 m² construídos4 quartos,icarai,451,4.0
34,900,Rua Miguel De Frias,30 m² construídos,icarai,30,2.757575757575758
35,1200,Rua Doutor Tavares De Macedo,55 m² construídos1 quarto,icarai,55,1.0
36,5000,"Avenida Jornalista Alberto Francisco Torres, 251",400 m² construídos4 quartos,icarai,400,4.0
37,1900,"Rua Mem De Sá, 163",100 m² construídos3 quartos,icarai,100,3.0
38,1500,,68 m² construídos2 quartos,icarai,68,2.0
39,2300,,128 m² construídos3 quartos,icarai,128,3.0
40,1900,"Rua Ministro Otávio Kelly, 467",85 m² construídos2 quartos,icarai,85,2.0
41,7800,,237 m² construídos3 quartos,icarai,237,3.0
42,2900,,145 m² construídos4 quartos,icarai,145,4.0
43,13000,"Rua Geraldo Martins, 198",232 m² construídos,icarai,232,2.757575757575758
44,6000,Avenida Jornalista Alberto Francisco Torres,240 m² construídos4 quartos,icarai,240,4.0
45,4700,,105 m² construídos3 quartos,icarai,105,3.0
46,3300,"Travessa Francisco Dutra, 150",120 m² construídos3 quartos,icarai,120,3.0
47,5000,"Rua Presidente João Pessoa, 57",400 m² construídos5 quartos,icarai,400,5.0
0,1300,"Avenida Sete De Setembro, 279",65 m² construídos2 quartos,icarai,65,2.0
1,2800,,110 m² construídos3 quartos,icarai,110,3.0
2,2900,"Rua Ministro Otávio Kelly, 499",92 m² construídos2 quartos,icarai,92,2.0
3,25000,"Avenida Jornalista Alberto Francisco Torres, 329",372 m² construídos4 quartos,icarai,372,4.0
4,1800,,84 m² construídos2 quartos,icarai,84,2.0
5,4000,"Rua Coronel Moreira Cesar, 179",220 m² construídos4 quartos,icarai,220,4.0
6,2950,,149 m² construídos3 quartos,icarai,149,3.0
7,2750,,85 m² construídos2 quartos,icarai,85,2.0
8,6900,,202 m² construídos4 quartos,icarai,202,4.0
9,3590,"Rua Cinco De Julho, 267",142 m² construídos4 quartos,icarai,142,4.0
10,3590,"Rua Cinco De Julho, 267",142 m² construídos4 quartos,icarai,142,4.0
11,20000,,677 m² construídos,icarai,677,2.8684210526315788
12,3200,"Avenida Jornalista Alberto Francisco Torres, 177",250 m² construídos3 quartos,icarai,250,3.0
13,1850,"Rua Ministro Otávio Kelly, 467",77 m² construídos2 quartos,icarai,77,2.0
14,2200,,83 m² construídos2 quartos,icarai,83,2.0
15,2500,,25 m² construídos,icarai,25,2.8684210526315788
16,2600,"Rua General Pereira Da Silva, 185",110 m² construídos3 quartos,icarai,110,3.0
17,2000,"Rua Lopes Trovão, 127",100 m² construídos3 quartos,icarai,100,3.0
18,2997,,120 m² construídos4 quartos,icarai,120,4.0
19,17000,"Rua Nóbrega, 264",300 m² construídos,icarai,300,2.8684210526315788
20,1400,"Avenida Almirante Ari Parreiras, 403",80 m² construídos2 quartos,icarai,80,2.0
21,20000,,548 m² construídos,icarai,548,2.8684210526315788
22,1100,"Avenida Almirante Ari Parreiras, 636",95 m² construídos2 quartos,icarai,95,2.0
23,1490,"Travessa Dom Bosco, 43",136 m² construídos4 quartos,icarai,136,4.0
24,6000,"Rua Osvaldo Cruz, 36",296 m² construídos4 quartos,icarai,296,4.0
25,2300,"Rua Coronel Moreira Cesar, 330",110 m² construídos3 quartos,icarai,110,3.0
26,2300,"Rua Doutor Carlos Halfeld, 10",90 m² construídos2 quartos,icarai,90,2.0
27,3600,,209 m² construídos4 quartos,icarai,209,4.0
28,1980,,85 m² construídos2 quartos,icarai,85,2.0
29,1980,,75 m² construídos2 quartos,icarai,75,2.0
30,3500,"Rua Professor Miguel Couto, 378",134 m² construídos4 quartos,icarai,134,4.0
31,4800,"Rua Mariz E Barros, 25",130 m² construídos3 quartos,icarai,130,3.0
32,2500,,110 m² construídos3 quartos,icarai,110,3.0
33,1000,Avenida Jornalista Alberto Francisco Torres,63 m² construídos1 quarto,icarai,63,1.0
34,19000,,500 m² construídos,icarai,500,2.8684210526315788
35,1800,"Rua Guilherme Geenhalch, 29",90 m² construídos3 quartos,icarai,90,3.0
36,2600,"Rua General Pereira Da Silva, 75",78 m² construídos3 quartos,icarai,78,3.0
37,1700,,96 m² construídos3 quartos,icarai,96,3.0
38,17000,"Rua Nóbrega, 264",300 m² construídos,icarai,300,2.8684210526315788
39,17000,"Rua Nóbrega, 264",300 m² construídos,icarai,300,2.8684210526315788
40,2000,,70 m² construídos2 quartos,icarai,70,2.0
41,1200,"Travessa Dom Bosco, 85",79 m² construídos2 quartos,icarai,79,2.0
42,4500,,108 m² construídos,icarai,108,2.8684210526315788
43,2472,,110 m² construídos3 quartos,icarai,110,3.0
44,1200,,101 m² construídos,icarai,101,2.8684210526315788
45,2500,,130 m² construídos4 quartos,icarai,130,4.0
46,5500,Travessa Dom Bosco,230 m² construídos,icarai,230,2.8684210526315788
47,2200,"Rua Gavião Peixoto, 27",100 m² construídos2 quartos,icarai,100,2.0
0,1500,,35 m² construídos,icarai,35,2.6216216216216215
1,1500,,68 m² construídos2 quartos,icarai,68,2.0
2,1350,Avenida Almirante Ary Parreiras,75 m² construídos2 quartos,icarai,75,2.0
3,6000,6 0 Loc,180 m² construídos4 quartos,icarai,180,4.0
4,1600,"Rua Doutor Tavares De Macedo, 20",76 m² construídos2 quartos,icarai,76,2.0
5,1300,"Rua Mariz E Barros, 176",101 m² construídos,icarai,101,2.6216216216216215
6,5000,"Rua Presidente João Pessoa, 299",260 m² construídos,icarai,260,2.6216216216216215
7,4000,Rua Lopes Trovão,216 m² construídos4 quartos,icarai,216,4.0
8,1500,"Rua Lopes Trovão, 294",60 m² construídos1 quarto,icarai,60,1.0
9,4500,Rua Mem De Sá,161 m² construídos3 quartos,icarai,161,3.0
10,1560,,118 m² construídos3 quartos,icarai,118,3.0
11,2500,,140 m² construídos3 quartos,icarai,140,3.0
12,2700,"Avenida Jornalista Alberto Francisco Torres, 119",130 m² construídos3 quartos,icarai,130,3.0
13,1900,,85 m² construídos3 quartos,icarai,85,3.0
14,1800,"Rua Joaquim Távora, 122",57 m² construídos1 quarto,icarai,57,1.0
15,4200,"Rua Presidente João Pessoa, 299",125 m² construídos,icarai,125,2.6216216216216215
16,4000,,220 m² construídos4 quartos,icarai,220,4.0
17,2300,,37 m² construídos1 quarto,icarai,37,1.0
18,1800,,85 m² construídos2 quartos,icarai,85,2.0
19,1350,"Rua Mariz E Barros, 176",42 m² construídos,icarai,42,2.6216216216216215
20,3000,Rua Álvares De Azevedo,140 m² construídos4 quartos,icarai,140,4.0
21,1600,"Avenida Jornalista Alberto Francisco Torres, 69",60 m² construídos2 quartos,icarai,60,2.0
22,3500,,74 m² construídos2 quartos,icarai,74,2.0
23,2200,Avenida Roberto Silveira,130 m² construídos3 quartos,icarai,130,3.0
24,3200,"Rua Coronel Moreira Cesar, 81",122 m² construídos3 quartos,icarai,122,3.0
25,2800,,217 m² construídos4 quartos,icarai,217,4.0
26,1500,,70 m² construídos2 quartos,icarai,70,2.0
27,2800,Rua Coronel Moreira Cesar,30 m² construídos,icarai,30,2.6216216216216215
28,2000,,90 m² construídos3 quartos,icarai,90,3.0
29,1700,"Rua Coronel Moreira Cesar, 264",80 m² construídos2 quartos,icarai,80,2.0
30,2200,"Rua Domingues De Sá, 340",120 m² construídos3 quartos,icarai,120,3.0
31,2200,"Rua Miguel De Frias, 44",110 m² construídos3 quartos,icarai,110,3.0
32,1750,,40 m² construídos1 quarto,icarai,40,1.0
33,5000,,80 m² construídos,icarai,80,2.6216216216216215
34,5500,Rua Mem De Sá,130 m² construídos3 quartos,icarai,130,3.0
35,3500,Rua Coronel Moreira Cesar,221 m² construídos4 quartos,icarai,221,4.0
36,6000,,80 m² construídos,icarai,80,2.6216216216216215
37,6000,,80 m² construídos,icarai,80,2.6216216216216215
38,2100,"Rua Gavião Peixoto, 343",95 m² construídos3 quartos,icarai,95,3.0
39,5200,Avenida Jornalista Alberto Francisco Torres,150 m² construídos3 quartos,icarai,150,3.0
40,1600,"Rua Doutor Tavares De Macedo, 10",73 m² construídos2 quartos,icarai,73,2.0
41,2200,"Avenida Roberto Silveira, 496",130 m² construídos3 quartos,icarai,130,3.0
42,2600,"Rua Coronel Moreira Cesar, 330",143 m² construídos3 quartos,icarai,143,3.0
43,9500,"Rua Gavião Peixoto, 387",175 m² construídos,icarai,175,2.6216216216216215
44,1200,Rua General Silvestre Rocha,59 m² construídos1 quarto,icarai,59,1.0
45,2100,Rua Joaquim Távora,100 m² construídos3 quartos,icarai,100,3.0
46,1700,Rua Otávio Carneiro,70 m² construídos2 quartos,icarai,70,2.0
47,2500,"Rua Cinco De Julho, 190",25 m² construídos,icarai,25,2.6216216216216215
0,2000,,90 m² construídos3 quartos,icarai,90,3.0
1,1380,Rua Gavião Peixoto,120 m² construídos3 quartos,icarai,120,3.0
2,1100,Avenida Sete De Setembro,67 m² construídos2 quartos,icarai,67,2.0
3,2000,Rua Professor Miguel Couto,120 m² construídos4 quartos,icarai,120,4.0
4,1750,Avenida Sete De Setembro,85 m² construídos3 quartos,icarai,85,3.0
5,1800,Rua Coronel Moreira Cesar,90 m² construídos2 quartos,icarai,90,2.0
6,2100,Rua Mem De Sá,160 m² construídos2 quartos,icarai,160,2.0
7,1375,Avenida Almirante Ary Parreiras,75 m² construídos2 quartos,icarai,75,2.0
8,3800,Rua Coronel Moreira César,125 m² construídos3 quartos,icarai,125,3.0
9,2000,Rua Lopes Trovão,217 m² construídos5 quartos,icarai,217,5.0
10,1200,,55 m² construídos1 quarto,icarai,55,1.0
11,3485,Travessa Dom Bosco,140 m² construídos3 quartos,icarai,140,3.0
12,1300,Rua Joaquim Távora,78 m² construídos2 quartos,icarai,78,2.0
13,1300,Rua Coronel Moreira Cesar,80 m² construídos2 quartos,icarai,80,2.0
14,1700,Rua Doutor Tavares De Macedo,149 m² construídos2 quartos,icarai,149,2.0
15,2130,Avenida Roberto Silveira,115 m² construídos3 quartos,icarai,115,3.0
16,2000,Rua Doutor Mario Viana,55 m² construídos2 quartos,icarai,55,2.0
17,2500,Avenida Marquês Do Paraná,60 m² construídos2 quartos,icarai,60,2.0
18,1850,Rua  Dr. Paulo César,75 m² construídos2 quartos,icarai,75,2.0
19,12000,Rua Joaquim Távora,154 m² construídos3 quartos,icarai,154,3.0
20,2960,Rua Belisario Augusto,110 m² construídos4 quartos,icarai,110,4.0
21,1408,Avenida Sete De Setembro,70 m² construídos2 quartos,icarai,70,2.0
22,1500,Avenida Jornalista Alberto Francisco Torres,90 m² construídos3 quartos,icarai,90,3.0
23,1378,Rua Joaquim Távora,149 m² construídos4 quartos,icarai,149,4.0
24,5800,Rua Osvaldo Cruz,310 m² construídos4 quartos,icarai,310,4.0
25,1880,,65 m² construídos2 quartos,icarai,65,2.0
26,1500,"Travessa Dom Bosco, 85",110 m² construídos3 quartos,icarai,110,3.0
27,4500,Rua Mariz E Barros,130 m² construídos3 quartos,icarai,130,3.0
28,3800,Rua Presidente João Pessoa,300 m² construídos4 quartos,icarai,300,4.0
29,3000,Rua Osvaldo Cruz,114 m² construídos4 quartos,icarai,114,4.0
30,7000,Av. Jorn. Alberto Francisco Torres,197 m² construídos4 quartos,icarai,197,4.0
31,9000,Avenida Jornalista Alberto Francisco Torres,350 m² construídos4 quartos,icarai,350,4.0
32,4850,Avenida Almirante Ary Parreiras,266 m² construídos4 quartos,icarai,266,4.0
33,3000,Rua Mem De Sá,110 m² construídos3 quartos,icarai,110,3.0
34,8000,Avenida Jornalista Alberto Francisco Torres,170 m² construídos4 quartos,icarai,170,4.0
35,2500,Rua Joaquim Távora,170 m² construídos3 quartos,icarai,170,3.0
36,10000,Av. Jorn. Alberto Francisco Torres,180 m² construídos4 quartos,icarai,180,4.0
37,3400,Rua Coronel Moreira Cesar,120 m² construídos3 quartos,icarai,120,3.0
38,3000,Rua Álvares De Azevedo,140 m² construídos4 quartos,icarai,140,4.0
39,1500,Avenida Almirante Ary Parreiras,88 m² construídos2 quartos,icarai,88,2.0
40,1600,Rua Santa Rosa,110 m² construídos3 quartos,icarai,110,3.0
41,2000,Rua Coronel Moreira Cesar,80 m² construídos2 quartos,icarai,80,2.0
42,2200,"Avenida Roberto Silveira, 496",120 m² construídos3 quartos,icarai,120,3.0
43,2000,Rua Belisário Augusto,80 m² construídos3 quartos,icarai,80,3.0
44,2200,Avenida Jornalista Alberto Francisco Torres,60 m² construídos2 quartos,icarai,60,2.0
45,3500,Rua Mariz E Barros,120 m² construídos4 quartos,icarai,120,4.0
46,2300,Rua Presidente Backer,88 m² construídos3 quartos,icarai,88,3.0
47,3500,Avenida Jornalista Alberto Francisco Torres,140 m² construídos3 quartos,icarai,140,3.0
0,1350,Rua Presidente Pedreira,58 m² construídos2 quartos,inga,58,2.0
1,3060,Rua Doutor Nilo Peçanha,110 m² construídos3 quartos,inga,110,3.0
2,1500,Rua Doutor Paulo Alves,80 m² construídos2 quartos,inga,80,2.0
3,1924,Rua Tiradentes,60 m² construídos2 quartos,inga,60,2.0
4,1200,Rua Fagundes Varela,70 m² construídos2 quartos,inga,70,2.0
5,1150,Rua Pereira Nunes,70 m² construídos1 quarto,inga,70,1.0
6,1600,Rua Fagundes Varela,80 m² construídos2 quartos,inga,80,2.0
7,2500,Rua Fagundes Varela,90 m² construídos2 quartos,inga,90,2.0
8,1500,Rua Doutor Paulo Alves,90 m² construídos2 quartos,inga,90,2.0
9,1900,,280 m² construídos,inga,280,2.577777777777778
10,1400,Rua Pereira Nunes,70 m² construídos2 quartos,inga,70,2.0
11,1600,Rua Doutor Nilo Peçanha,190 m² construídos4 quartos,inga,190,4.0
12,1500,Rua Visconde Morais,135 m² construídos3 quartos,inga,135,3.0
13,1500,Rua Presidente Pedreira,150 m² construídos3 quartos,inga,150,3.0
14,1200,Rua São Sebastião,75 m² construídos3 quartos,inga,75,3.0
15,1800,110 Bloco B Loc,101 m² construídos3 quartos,inga,101,3.0
16,2000,96 Loc Apartamento,93 m² construídos2 quartos,inga,93,2.0
17,1500,Rua Pereira Nunes,45 m² construídos1 quarto,inga,45,1.0
18,1000,Rua Doutor Araújo Pimenta,65 m² construídos2 quartos,inga,65,2.0
19,2700,"Rua Doutor Nilo Peçanha,
                110",90 m² construídos2 quartos,inga,90,2.0
20,2900,,86 m² construídos2 quartos,inga,86,2.0
21,1500,,60 m² construídos2 quartos,inga,60,2.0
22,6500,,170 m² construídos3 quartos,inga,170,3.0
23,2400,,150 m² construídos3 quartos,inga,150,3.0
24,1300,,80 m² construídos2 quartos,inga,80,2.0
25,1700,,65 m² construídos2 quartos,inga,65,2.0
26,2000,,80 m² construídos2 quartos,inga,80,2.0
27,4500,,290 m² construídos4 quartos,inga,290,4.0
28,3500,,140 m² construídos4 quartos,inga,140,4.0
29,2300,,76 m² construídos2 quartos,inga,76,2.0
30,4000,,200 m² construídos3 quartos,inga,200,3.0
31,2300,,100 m² construídos3 quartos,inga,100,3.0
32,1500,"Rua Tiradentes, 200",140 m² construídos3 quartos,inga,140,3.0
33,1000,"Rua Visconde De Morais, 232",50 m² construídos1 quarto,inga,50,1.0
34,2400,,90 m² construídos4 quartos,inga,90,4.0
35,6300,,300 m² construídos3 quartos,inga,300,3.0
36,3300,,166 m² construídos4 quartos,inga,166,4.0
37,1850,,85 m² construídos2 quartos,inga,85,2.0
38,1500,Rua Presidente Domiciano,110 m² construídos3 quartos,inga,110,3.0
39,1000,Rua Presidente Pedreira,70 m² construídos2 quartos,inga,70,2.0
40,6300,Rua Visconde De Morais,200 m² construídos4 quartos,inga,200,4.0
41,2200,"Rua Doutor Paulo Alves, 72",75 m² construídos2 quartos,inga,75,2.0
42,2900,,86 m² construídos2 quartos,inga,86,2.0
43,5000,"Morro São Sebastião, 106",180 m² construídos,inga,180,2.577777777777778
44,2000,"Rua Presidente Pedreira, 147",110 m² construídos3 quartos,inga,110,3.0
45,3000,"Rua Fagundes Varela, 312",180 m² construídos,inga,180,2.577777777777778
46,6000,"Rua Visconde De Morais, 251",170 m² construídos4 quartos,inga,170,4.0
47,2450,"Rua Pereira Nunes, 27",350 m² construídos4 quartos,inga,350,4.0
0,1500,Rua Tiradentes,130 m² construídos3 quartos,inga,130,3.0
1,1300,Rua Presidente Domiciano,150 m² construídos3 quartos,inga,150,3.0
2,2000,,35 m² construídos,inga,35,2.8863636363636362
3,1700,"Rua Doutor Paulo Alves, 110",100 m² construídos3 quartos,inga,100,3.0
4,1700,"Rua Tiradentes, 103",72 m² construídos2 quartos,inga,72,2.0
5,1600,Rua Presidente Pedreira,115 m² construídos3 quartos,inga,115,3.0
6,3500,,150 m² construídos5 quartos,inga,150,5.0
7,2165,Rua Itapuca,60 m² construídos1 quarto,inga,60,1.0
8,1250,Rua Presidente Pedreira,56 m² construídos2 quartos,inga,56,2.0
9,2950,Rua Doutor Paulo Alves,165 m² construídos3 quartos,inga,165,3.0
10,1200,Rua Presidente Pedreira,60 m² construídos2 quartos,inga,60,2.0
11,2200,Rua Tiradentes,80 m² construídos3 quartos,inga,80,3.0
12,1350,Rua Presidente Pedreira,80 m² construídos3 quartos,inga,80,3.0
13,1410,Rua Itapuca,65 m² construídos1 quarto,inga,65,1.0
14,1200,Rua Doutor Nilo Peçanha,70 m² construídos2 quartos,inga,70,2.0
15,12500,Avenida Engenheiro Martins Romeo,700 m² construídos4 quartos,inga,700,4.0
16,2000,Rua Presidente Pedreira,100 m² construídos4 quartos,inga,100,4.0
17,6200,Rua Visconde Morais,200 m² construídos4 quartos,inga,200,4.0
18,4500,Praia João Caetano,300 m² construídos4 quartos,inga,300,4.0
19,1800,Rua Doutor Paulo Alves,80 m² construídos3 quartos,inga,80,3.0
20,1800,Rua Tiradentes,85 m² construídos2 quartos,inga,85,2.0
21,1800,Rua São Sebastião,100 m² construídos3 quartos,inga,100,3.0
22,1500,Rua Presidente Pedreira,65 m² construídos2 quartos,inga,65,2.0
23,1800,Avenida Engenheiro Martins Romeo,70 m² construídos2 quartos,inga,70,2.0
24,1800,"Rua Doutor Nilo Peçanha, 1",152 m² construídos3 quartos,inga,152,3.0
25,2000,,29 m² construídos,inga,29,2.8863636363636362
26,1500,Rua Tiradentes,100 m² construídos3 quartos,inga,100,3.0
27,1200,,58 m² construídos2 quartos,inga,58,2.0
28,1500,"Rua Visconde De Morais, 270",130 m² construídos3 quartos,inga,130,3.0
29,1250,,60 m² construídos2 quartos,inga,60,2.0
30,15000,,380 m² construídos7 quartos,inga,380,7.0
31,1350,,70 m² construídos2 quartos,inga,70,2.0
32,2000,Rua São Sebastião,140 m² construídos4 quartos,inga,140,4.0
33,1150,,50 m² construídos1 quarto,inga,50,1.0
34,8900,,290 m² construídos4 quartos,inga,290,4.0
35,4500,155,280 m² construídos4 quartos,inga,280,4.0
36,1650,38 Bloco 2 Loc,60 m² construídos2 quartos,inga,60,2.0
37,3000,27,410 m² construídos4 quartos,inga,410,4.0
38,7800,75 Loc,205 m² construídos4 quartos,inga,205,4.0
39,3500,106 Loja,200 m² construídos,inga,200,2.8863636363636362
40,2200,270 B,59 m² construídos,inga,59,2.8863636363636362
41,1500,"Rua Presidente Pedreira, 35",122 m² construídos2 quartos,inga,122,2.0
42,1600,,100 m² construídos3 quartos,inga,100,3.0
43,6300,"Rua Visconde De Morais, 251",200 m² construídos4 quartos,inga,200,4.0
44,1600,Rua Fagundes Varella,85 m² construídos2 quartos,inga,85,2.0
45,1800,"Rua Presidente Pedreira, 38",60 m² construídos2 quartos,inga,60,2.0
46,3500,,180 m² construídos3 quartos,inga,180,3.0
47,1750,,90 m² construídos2 quartos,inga,90,2.0
0,1250,Rua Fagundes Varela,62 m² construídos2 quartos,inga,62,2.0
1,6000,251 Casa,300 m² construídos4 quartos,inga,300,4.0
2,2300,Rua Fagundes Varela,250 m² construídos5 quartos,inga,250,5.0
3,1300,,80 m² construídos2 quartos,inga,80,2.0
4,2500,,350 m² construídos4 quartos,inga,350,4.0
5,1200,,60 m² construídos2 quartos,inga,60,2.0
6,2100000,Rua Tiradentes 71 202,70 m² construídos2 quartos,inga,70,2.0
0,2100,Rua Juciara,100 m² construídos3 quartos,ilha-da-conceicao,100,3.0
1,2100,,90 m² construídos3 quartos,ilha-da-conceicao,90,3.0
2,1250,Rua Juciara,60 m² construídos,ilha-da-conceicao,60,2.6666666666666665
3,1200,,43 m² construídos2 quartos,ilha-da-conceicao,43,2.0
0,1900,,90 m² construídos2 quartos,itacoatiara,90,2.0
1,4500,,110 m² construídos3 quartos,itacoatiara,110,3.0
2,2000,1035 Bl 03 Loc,110 m² construídos3 quartos,itacoatiara,110,3.0
3,2000,99 Loc 04,112 m² construídos4 quartos,itacoatiara,112,4.0
4,1500,,120 m² construídos3 quartos,itacoatiara,120,3.0
0,800,"Estrada Frei Orlando, 566",56 m² construídos2 quartos,jacare,56,2.0
1,1150,,55 m² construídos2 quartos,jacare,55,2.0
2,1200,"Estrada Frei Orlando, 567",60 m² construídos2 quartos,jacare,60,2.0
3,1200,567 Bloco 7 Ap 607 Loc,52 m² construídos2 quartos,jacare,52,2.0
4,1200,566 Bl 05,52 m² construídos2 quartos,jacare,52,2.0
0,2000,,80 m² construídos2 quartos,jardim-fluminense,80,2.0
1,2500,,100 m² construídos3 quartos,jardim-fluminense,100,3.0
2,4500,,75 m² construídos3 quartos,jardim-fluminense,75,3.0
3,1500,,70 m² construídos2 quartos,jardim-fluminense,70,2.0
4,1500,,70 m² construídos2 quartos,jardim-fluminense,70,2.0
0,1700,,80 m² construídos2 quartos,jardim-icarai,80,2.0
1,1900,,85 m² construídos2 quartos,jardim-icarai,85,2.0
2,2200,,87 m² construídos2 quartos,jardim-icarai,87,2.0
3,15000,,440 m² construídos,jardim-icarai,440,2.0
0,1100,Rua Domingues De Sá,120 m² construídos3 quartos,largo-do-narradas,120,3.0
1,598,Rua Doutor March,64 m² construídos2 quartos,largo-do-narradas,64,2.0
2,650,"Rua Noronha Torrezão,
                24",25 m² construídos,largo-do-narradas,25,2.1363636363636362
3,700,Travessa José De Alencar,35 m² construídos1 quarto,largo-do-narradas,35,1.0
4,2000,Rua Miguel De Frias,50 m² construídos1 quarto,largo-do-narradas,50,1.0
5,2800,Avenida Prefeito Sylvio Picanço,113 m² construídos3 quartos,largo-do-narradas,113,3.0
6,1500,Rua Marquês De Paraná,65 m² construídos2 quartos,largo-do-narradas,65,2.0
7,750,Rua São João,30 m² construídos1 quarto,largo-do-narradas,30,1.0
8,1050,Rua Professor Otacílio,70 m² construídos2 quartos,largo-do-narradas,70,2.0
9,3200,Rua Dom Bosco,114 m² construídos3 quartos,largo-do-narradas,114,3.0
10,1480,Rua Domingues De Sá,70 m² construídos1 quarto,largo-do-narradas,70,1.0
11,1350,Rua Presidente Pedreira,58 m² construídos2 quartos,largo-do-narradas,58,2.0
12,1050,Alameda São Boaventura,120 m² construídos3 quartos,largo-do-narradas,120,3.0
13,1100,Avenida Jornalista Alberto Francisco Torres,40 m² construídos1 quarto,largo-do-narradas,40,1.0
14,1650,"Rua Doutor March, 329 - Barreto, Niterói - Rj, Brasil",50 m² construídos2 quartos,largo-do-narradas,50,2.0
15,1450,Rua Doutor Mario Vianna,80 m² construídos2 quartos,largo-do-narradas,80,2.0
16,1500,Rua General Pereira Da Silva,150 m² construídos4 quartos,largo-do-narradas,150,4.0
17,2000,Rua Mem De Sá,100 m² construídos3 quartos,largo-do-narradas,100,3.0
18,2300,Rua Doutor Sardinha,60 m² construídos2 quartos,largo-do-narradas,60,2.0
19,850,Rua Manoel Corrêa,15 m² construídos1 quarto,largo-do-narradas,15,1.0
20,680,Rua Manoel Corrêa,15 m² construídos1 quarto,largo-do-narradas,15,1.0
21,5000,"Rua Tupiniquins, 587",300 m² construídos4 quartos,largo-do-narradas,300,4.0
22,900,"Rua Da Conceição,
                95",32 m² construídos,largo-do-narradas,32,2.1363636363636362
23,1400,,79 m² construídos2 quartos,largo-do-narradas,79,2.0
24,820,"Rua Doutor Borman,
                23",30 m² construídos,largo-do-narradas,30,2.1363636363636362
25,1100,"Rua Da Conceição,
                95",32 m² construídos,largo-do-narradas,32,2.1363636363636362
26,830,Estrada Francisco Da Cruz Nunes,52 m² construídos2 quartos,largo-do-narradas,52,2.0
27,2150,Rua Coronel Moreira César,84 m² construídos1 quarto,largo-do-narradas,84,1.0
28,3500,Avenida Quintino Bocaiúva,162 m² construídos2 quartos,largo-do-narradas,162,2.0
29,981,Rua Coronel Sebastião Dantas,74 m² construídos2 quartos,largo-do-narradas,74,2.0
30,1590,Avenida Visconde Do Rio Branco,70 m² construídos2 quartos,largo-do-narradas,70,2.0
31,1260,Rua Ministro Otávio Kelly,76 m² construídos2 quartos,largo-do-narradas,76,2.0
32,12490,Avenida Almirante Benjamin Sodré,600 m² construídos4 quartos,largo-do-narradas,600,4.0
33,1050,Rua Noronha Torrezão,70 m² construídos2 quartos,largo-do-narradas,70,2.0
34,2000,Avenida Almirante Ary Parreiras,110 m² construídos4 quartos,largo-do-narradas,110,4.0
35,850,Rua Visconde De Itaboraí,80 m² construídos2 quartos,largo-do-narradas,80,2.0
36,1250,Rua Doutor March,57 m² construídos2 quartos,largo-do-narradas,57,2.0
37,1150,Rua Pereira Nunes,70 m² construídos1 quarto,largo-do-narradas,70,1.0
38,1410,Rua Presidente Backer,70 m² construídos1 quarto,largo-do-narradas,70,1.0
39,1130,Travessa Santa Rosa Do Viterbo,85 m² construídos2 quartos,largo-do-narradas,85,2.0
40,2500,Avenida Sete De Setembro,160 m² construídos3 quartos,largo-do-narradas,160,3.0
41,12000,Estrada Leopoldo Fróes,353 m² construídos4 quartos,largo-do-narradas,353,4.0
42,1920,Travessa Manoel Benício,80 m² construídos2 quartos,largo-do-narradas,80,2.0
43,2100,Rua Álvares De Azevedo,120 m² construídos3 quartos,largo-do-narradas,120,3.0
44,1200,Rua Professor Lara Vilela,45 m² construídos1 quarto,largo-do-narradas,45,1.0
45,2000,Rua Doutor Tavares De Macedo,70 m² construídos2 quartos,largo-do-narradas,70,2.0
46,2800,Rua Nóbrega,70 m² construídos2 quartos,largo-do-narradas,70,2.0
47,2200,Rua Doutor Nilo Peçanha,95 m² construídos2 quartos,largo-do-narradas,95,2.0
0,1230,Travessa Faria,70 m² construídos2 quartos,largo-do-narradas,70,2.0
1,1600,Rua Fagundes Varela,80 m² construídos2 quartos,largo-do-narradas,80,2.0
2,1380,Estrada Francisco Da Cruz Nunes,66 m² construídos2 quartos,largo-do-narradas,66,2.0
3,2130,Rua Ministro Otávio Kelly,89 m² construídos2 quartos,largo-do-narradas,89,2.0
4,1810,Otávio Carneiro,80 m² construídos3 quartos,largo-do-narradas,80,3.0
5,2500,Rua Fagundes Varela,90 m² construídos2 quartos,largo-do-narradas,90,2.0
6,1400,Avenida Jornalista Alberto Francisco Torres,85 m² construídos3 quartos,largo-do-narradas,85,3.0
7,2300,Rua Coronel Moreira Cesar,80 m² construídos2 quartos,largo-do-narradas,80,2.0
8,990,Rua B,50 m² construídos1 quarto,largo-do-narradas,50,1.0
9,2200,Travessa Victor Pestre,171 m² construídos4 quartos,largo-do-narradas,171,4.0
10,1010,Travessa José Gomes Cruz,52 m² construídos2 quartos,largo-do-narradas,52,2.0
11,1500,Rua Domingos Sávio Nogueira Saad,70 m² construídos1 quarto,largo-do-narradas,70,1.0
12,2000,Rua Doutor Carlos Halfeld,120 m² construídos2 quartos,largo-do-narradas,120,2.0
13,9810,Avenida Almirante Benjamin Sodré,260 m² construídos4 quartos,largo-do-narradas,260,4.0
14,1850,Rua Comendador Queirós,69 m² construídos2 quartos,largo-do-narradas,69,2.0
15,1500,Rua Doutor Paulo Alves,90 m² construídos2 quartos,largo-do-narradas,90,2.0
16,1700,Avenida Ernani Do Amaral Peixoto,47 m² construídos1 quarto,largo-do-narradas,47,1.0
17,1880,Avenida Roberto Silveira,45 m² construídos1 quarto,largo-do-narradas,45,1.0
18,1650,Estrada Caetano Monteiro,70 m² construídos2 quartos,largo-do-narradas,70,2.0
19,650,Rua Professor Heitor Carrilho,20 m² construídos1 quarto,largo-do-narradas,20,1.0
20,890,Avenida Ernani Do Amaral Peixoto,35 m² construídos1 quarto,largo-do-narradas,35,1.0
21,1260,Rua Doutor Mário Viana,52 m² construídos1 quarto,largo-do-narradas,52,1.0
22,1070,Rua Professor Lara Vilela,45 m² construídos1 quarto,largo-do-narradas,45,1.0
23,640,Rua Coronel Gomes Machado,23 m² construídos1 quarto,largo-do-narradas,23,1.0
24,2000,Otavio Carneiro,40 m² construídos1 quarto,largo-do-narradas,40,1.0
25,1200,Rua Professor Lara Vilela,60 m² construídos1 quarto,largo-do-narradas,60,1.0
26,770,Travessa Elzir De Almeida Brandão,58 m² construídos2 quartos,largo-do-narradas,58,2.0
27,1800,,158 m² construídos3 quartos,largo-do-narradas,158,3.0
28,900,,130 m² construídos,largo-do-narradas,130,1.9777777777777779
29,1250,,64 m² construídos2 quartos,largo-do-narradas,64,2.0
30,1500,Rua Visconde De Itaboraí 166,150 m² construídos,largo-do-narradas,150,1.9777777777777779
31,800,"Rua General Castrioto, 572",72 m² construídos2 quartos,largo-do-narradas,72,2.0
32,750,Estrada Francisco Da Cruz Nunes,65 m² construídos2 quartos,largo-do-narradas,65,2.0
33,700,Estrada Francisco Da Cruz Nunes,58 m² construídos2 quartos,largo-do-narradas,58,2.0
34,1300,,72 m² construídos2 quartos,largo-do-narradas,72,2.0
35,1100,,60 m² construídos2 quartos,largo-do-narradas,60,2.0
36,2100,"Rua Benjamin Constant, 406",120 m² construídos4 quartos,largo-do-narradas,120,4.0
37,1300,,70 m² construídos2 quartos,largo-do-narradas,70,2.0
38,700,Travessa José De Alencar,100 m² construídos1 quarto,largo-do-narradas,100,1.0
39,800,Rua Benjamin Constant,56 m² construídos2 quartos,largo-do-narradas,56,2.0
40,950,,56 m² construídos2 quartos,largo-do-narradas,56,2.0
41,1300,Rua General Castrioto,70 m² construídos2 quartos,largo-do-narradas,70,2.0
42,1400,,65 m² construídos2 quartos,largo-do-narradas,65,2.0
43,750,Rua Benjamin Constant,60 m² construídos2 quartos,largo-do-narradas,60,2.0
44,3800,212 Lote91,"1,200 m² construídos5 quartos",largo-do-narradas,1200,5.0
45,600,Estrada Francisco Da Cruz Nunes,65 m² construídos2 quartos,largo-do-narradas,65,2.0
46,5000,Rua General Castrioto,500 m² construídos,largo-do-narradas,500,1.9777777777777779
47,700,,65 m² construídos1 quarto,largo-do-narradas,65,1.0
0,600,"Estrada Francisco Da Cruz Nunes, 695",65 m² construídos2 quartos,largo-do-narradas,65,2.0
1,750,Rua General Castrioto,60 m² construídos2 quartos,largo-do-narradas,60,2.0
2,600,"R. Benjamin Constant,",60 m² construídos2 quartos,largo-do-narradas,60,2.0
3,900,Rua Benjamin Constant 26,55 m² construídos2 quartos,largo-do-narradas,55,2.0
0,1380,Estrada Francisco Da Cruz Nunes,66 m² construídos2 quartos,largo-da-batalha,66,2.0
1,750,Estrada Francisco Da Cruz Nunes,65 m² construídos2 quartos,largo-da-batalha,65,2.0
2,700,Estrada Francisco Da Cruz Nunes,58 m² construídos2 quartos,largo-da-batalha,58,2.0
3,1300,,70 m² construídos2 quartos,largo-da-batalha,70,2.0
4,1400,,65 m² construídos2 quartos,largo-da-batalha,65,2.0
5,3800,212 Lote91,"1,200 m² construídos5 quartos",largo-da-batalha,1200,5.0
6,600,Estrada Francisco Da Cruz Nunes,65 m² construídos2 quartos,largo-da-batalha,65,2.0
7,600,"Estrada Francisco Da Cruz Nunes, 695",65 m² construídos2 quartos,largo-da-batalha,65,2.0
0,895,Estrada Pacheco De Carvalho,60 m² construídos2 quartos,maceio,60,2.0
1,1200,,58 m² construídos2 quartos,maceio,58,2.0
2,1350,Estrada Pacheco De Carvalho,78 m² construídos2 quartos,maceio,78,2.0
3,1500,"Estrada Engenheiro Pacheco De Carvalho, 900",140 m² construídos3 quartos,maceio,140,3.0
4,1500,Estrada Pacheco De Carvalho,140 m² construídos3 quartos,maceio,140,3.0
5,1100,,60 m² construídos2 quartos,maceio,60,2.0
0,4800,,300 m² construídos,maravista,300,2.0
1,1200,,85 m² construídos2 quartos,maravista,85,2.0
2,1100,,22 m² construídos,maravista,22,2.0
3,1450,,32 m² construídos,maravista,32,2.0
4,1250,,40 m² construídos,maravista,40,2.0
5,900,,56 m² construídos1 quarto,maravista,56,1.0
6,2400,,180 m² construídos3 quartos,maravista,180,3.0
0,6500,,200 m² construídos1 quarto,matapaca,200,1.0
1,2000,Rua Cândido Portinari,274 m² construídos5 quartos,matapaca,274,5.0
2,1700,"Rua Cândido Portinari, 80",250 m² construídos5 quartos,matapaca,250,5.0
0,2000,Rua São Paulo,90 m² construídos2 quartos,ponta-dareia,90,2.0
1,20000,24 Loc,998 m² construídos,ponta-dareia,998,2.0
2,20000,,940 m² construídos,ponta-dareia,940,2.0
0,1800,,194 m² construídos4 quartos,piratininga,194,4.0
1,900,,50 m² construídos1 quarto,piratininga,50,1.0
2,3500,,330 m² construídos5 quartos,piratininga,330,5.0
3,2000,,450 m² construídos3 quartos,piratininga,450,3.0
4,950,Avenida Conselheiro Paulo De Mello Kalle 735,60 m² construídos1 quarto,piratininga,60,1.0
0,1230,Travessa Faria,70 m² construídos2 quartos,pe-pequeno,70,2.0
1,5500,,200 m² construídos,pe-pequeno,200,2.25
2,1100,Travessa Faria,70 m² construídos2 quartos,pe-pequeno,70,2.0
3,3000,,100 m² construídos3 quartos,pe-pequeno,100,3.0
4,1600,,70 m² construídos2 quartos,pe-pequeno,70,2.0
0,690,"Rua Senador Fernandes Da Cunha, 1002",65 m² construídos2 quartos,rio-do-ouro,65,2.0
0,650,"Rua Noronha Torrezão,
                24",25 m² construídos,santa-rosa,25,2.0
1,1050,Rua Professor Otacílio,70 m² construídos2 quartos,santa-rosa,70,2.0
2,1450,Rua Doutor Mario Vianna,80 m² construídos2 quartos,santa-rosa,80,2.0
3,2300,Rua Doutor Sardinha,60 m² construídos2 quartos,santa-rosa,60,2.0
4,1600,Rua Américo Oberlaender,89 m² construídos2 quartos,santa-rosa,89,2.0
5,981,Rua Coronel Sebastião Dantas,74 m² construídos2 quartos,santa-rosa,74,2.0
6,1050,Rua Noronha Torrezão,70 m² construídos2 quartos,santa-rosa,70,2.0
7,1130,Travessa Santa Rosa Do Viterbo,85 m² construídos2 quartos,santa-rosa,85,2.0
8,1010,Travessa José Gomes Cruz,52 m² construídos2 quartos,santa-rosa,52,2.0
9,1200,Rua Noronha Torrezão,50 m² construídos1 quarto,santa-rosa,50,1.0
10,2400,Rua Noronha Torrezão,130 m² construídos2 quartos,santa-rosa,130,2.0
11,1260,Rua Doutor Mário Viana,52 m² construídos1 quarto,santa-rosa,52,1.0
12,2200,Rua Noronha Torrezão,60 m² construídos1 quarto,santa-rosa,60,1.0
13,770,Travessa Elzir De Almeida Brandão,58 m² construídos2 quartos,santa-rosa,58,2.0
14,800,,60 m² construídos2 quartos,santa-rosa,60,2.0
15,1650,,62 m² construídos2 quartos,santa-rosa,62,2.0
16,737,Rua Doutor Martins Tôrres,40 m² construídos2 quartos,santa-rosa,40,2.0
17,750,Rua Noronha Torrezão,60 m² construídos2 quartos,santa-rosa,60,2.0
18,850,"Rua Noronha Torrezão, 335",55 m² construídos2 quartos,santa-rosa,55,2.0
19,700,335 Bloco 2,42 m² construídos2 quartos,santa-rosa,42,2.0
20,600,Rua Noronha Torrezão,24 m² construídos,santa-rosa,24,2.0
21,950,Rua Coronel Sebastião Dantas,60 m² construídos3 quartos,santa-rosa,60,3.0
22,60000,Rua Noronha Torrezão,"1,290 m² construídos",santa-rosa,1290,2.0
23,2500,"Rua Doutor Mário Viana,
                416",34 m² construídos,santa-rosa,34,2.0
24,1300,,65 m² construídos2 quartos,santa-rosa,65,2.0
25,1650,,73 m² construídos2 quartos,santa-rosa,73,2.0
26,1100,Rua Professor Otacílio,75 m² construídos2 quartos,santa-rosa,75,2.0
27,1100,Rua Professor Otacílio,75 m² construídos2 quartos,santa-rosa,75,2.0
28,2300,,70 m² construídos2 quartos,santa-rosa,70,2.0
29,1650,Rua Doutor Paulo César,150 m² construídos,santa-rosa,150,2.0
30,2200,,74 m² construídos2 quartos,santa-rosa,74,2.0
31,1100,Rua Professor Otacílio,75 m² construídos2 quartos,santa-rosa,75,2.0
32,1200,,70 m² construídos2 quartos,santa-rosa,70,2.0
33,1000,Rua Doutor Mario Viana,90 m² construídos3 quartos,santa-rosa,90,3.0
34,700,"Rua Doutor Mário Viana, 734",65 m² construídos2 quartos,santa-rosa,65,2.0
35,1400,,68 m² construídos2 quartos,santa-rosa,68,2.0
36,1100,,51 m² construídos2 quartos,santa-rosa,51,2.0
37,1800,"Rua Doutor Mário Viana, 653",113 m² construídos2 quartos,santa-rosa,113,2.0
38,1800,,69 m² construídos2 quartos,santa-rosa,69,2.0
39,1650,"Rua Noronha Torrezão, 419",62 m² construídos2 quartos,santa-rosa,62,2.0
40,1800,,100 m² construídos3 quartos,santa-rosa,100,3.0
41,1300,,70 m² construídos2 quartos,santa-rosa,70,2.0
42,900,"Rua Noronha Torrezão, 335",55 m² construídos2 quartos,santa-rosa,55,2.0
43,1350,"Rua Newton Prado, 32",70 m² construídos2 quartos,santa-rosa,70,2.0
44,1200,"Rua Vereador Duque Estrada, 169",100 m² construídos2 quartos,santa-rosa,100,2.0
45,60000,,"1,290 m² construídos",santa-rosa,1290,2.0
46,2000,"Rua Noronha Torrezão, 63",80 m² construídos2 quartos,santa-rosa,80,2.0
47,1650,"Rua Noronha Torrezão, 196",85 m² construídos2 quartos,santa-rosa,85,2.0
0,3000,,220 m² construídos,santa-rosa,220,2.1875
1,1100,Rua Professor Otacílio,70 m² construídos2 quartos,santa-rosa,70,2.0
2,1400,,65 m² construídos2 quartos,santa-rosa,65,2.0
3,1150,,62 m² construídos2 quartos,santa-rosa,62,2.0
4,900,"Rua Coronel Sebastião Dantas, 12",80 m² construídos3 quartos,santa-rosa,80,3.0
5,1800,"Rua Vereador Duque Estrada, 141",60 m² construídos2 quartos,santa-rosa,60,2.0
6,1200,,68 m² construídos2 quartos,santa-rosa,68,2.0
7,15000,"Rua Doutor Paulo César, 320",440 m² construídos,santa-rosa,440,2.1875
8,1600,,81 m² construídos3 quartos,santa-rosa,81,3.0
9,1450,"Rua Doutor Mário Viana,
                728",200 m² construídos3 quartos,santa-rosa,200,3.0
10,1200,141 A,80 m² construídos2 quartos,santa-rosa,80,2.0
11,740,"Rua Coronel Sebastião Dantas, 56",60 m² construídos2 quartos,santa-rosa,60,2.0
12,1300,,60 m² construídos2 quartos,santa-rosa,60,2.0
13,800,,65 m² construídos2 quartos,santa-rosa,65,2.0
14,1000,,68 m² construídos2 quartos,santa-rosa,68,2.0
15,600,,55 m² construídos2 quartos,santa-rosa,55,2.0
16,650,"Rua Coronel Sebastião Dantas,
                12",65 m² construídos2 quartos,santa-rosa,65,2.0
17,750,,60 m² construídos2 quartos,santa-rosa,60,2.0
0,850,Rua Benjamin Constant,55 m² construídos2 quartos,santana,55,2.0
1,850,"Rua Benjamin Constant, 442",60 m² construídos2 quartos,santana,60,2.0
2,12000,Rua Benjamin Constant,630 m² construídos,santana,630,2.125
3,1000,Rua Benjamin Constant,55 m² construídos2 quartos,santana,55,2.0
4,2100,"Rua Benjamin Constant, 406",120 m² construídos4 quartos,santana,120,4.0
5,800,Rua Benjamin Constant,56 m² construídos2 quartos,santana,56,2.0
6,1350,Rua Benjamin Constant,60 m² construídos2 quartos,santana,60,2.0
7,700,,65 m² construídos1 quarto,santana,65,1.0
8,800,"Rua Benjamin Constant,
                472",55 m² construídos2 quartos,santana,55,2.0
0,830,Estrada Francisco Da Cruz Nunes,52 m² construídos2 quartos,sape,52,2.0
1,1000,,80 m² construídos2 quartos,sape,80,2.0
2,21000,,"2,000 m² construídos",sape,2000,2.6
3,3500,,170 m² construídos3 quartos,sape,170,3.0
4,950,,52 m² construídos2 quartos,sape,52,2.0
5,3200,,240 m² construídos4 quartos,sape,240,4.0
0,1262,Avenida Rui Barbosa,60 m² construídos1 quarto,sao-francisco,60,1.0
1,5000,"Rua Tupiniquins, 587",300 m² construídos4 quartos,sao-francisco,300,4.0
2,3500,Avenida Quintino Bocaiúva,162 m² construídos2 quartos,sao-francisco,162,2.0
3,12000,Estrada Leopoldo Fróes,353 m² construídos4 quartos,sao-francisco,353,4.0
4,8000,Rua Goitacazes,200 m² construídos3 quartos,sao-francisco,200,3.0
5,5000,"Rua Murilo Portugal, 112",150 m² construídos,sao-francisco,150,2.586206896551724
6,1700,"Travessa Wadih Curi, 29",75 m² construídos2 quartos,sao-francisco,75,2.0
7,5500,,180 m² construídos,sao-francisco,180,2.586206896551724
8,1150,37,60 m² construídos2 quartos,sao-francisco,60,2.0
9,5500,"Avenida Presidente Roosevelt, 405",160 m² construídos,sao-francisco,160,2.586206896551724
10,1700,,70 m² construídos3 quartos,sao-francisco,70,3.0
11,1200,,38 m² construídos,sao-francisco,38,2.586206896551724
12,5500,,250 m² construídos5 quartos,sao-francisco,250,5.0
13,8000,,180 m² construídos,sao-francisco,180,2.586206896551724
14,5500,Rua Nossa Senhora De Lourdes,155 m² construídos4 quartos,sao-francisco,155,4.0
15,1200,,38 m² construídos,sao-francisco,38,2.586206896551724
16,1000,Avenida Rui Barbosa,54 m² construídos,sao-francisco,54,2.586206896551724
17,900,,66 m² construídos1 quarto,sao-francisco,66,1.0
18,6000,,263 m² construídos4 quartos,sao-francisco,263,4.0
19,2200,,80 m² construídos2 quartos,sao-francisco,80,2.0
20,4000,"Avenida Rui Barbosa, 364",150 m² construídos2 quartos,sao-francisco,150,2.0
21,8500,,180 m² construídos,sao-francisco,180,2.586206896551724
22,800,"Rua Doutor Oliveira Botelho, 352",28 m² construídos,sao-francisco,28,2.586206896551724
23,5000,Rua Murilo Portugal,210 m² construídos,sao-francisco,210,2.586206896551724
24,3900,,120 m² construídos3 quartos,sao-francisco,120,3.0
25,1500,,80 m² construídos2 quartos,sao-francisco,80,2.0
26,3900,,120 m² construídos3 quartos,sao-francisco,120,3.0
27,2400,Avenida Rui Barbosa,98 m² construídos2 quartos,sao-francisco,98,2.0
28,2200,Avenida Quintino Bocaiúva,120 m² construídos3 quartos,sao-francisco,120,3.0
29,2600,Avenida Rui Barbosa,68 m² construídos2 quartos,sao-francisco,68,2.0
30,2300,Rua Araribóia,120 m² construídos3 quartos,sao-francisco,120,3.0
31,1650,Avenida Rui Barbosa,80 m² construídos1 quarto,sao-francisco,80,1.0
32,2600,Rua Araribóia,137 m² construídos3 quartos,sao-francisco,137,3.0
33,2300,"Avenida Presidente Roosevelt, 410",45 m² construídos,sao-francisco,45,2.586206896551724
34,900,"Avenida Rui Barbosa, 29",25 m² construídos,sao-francisco,25,2.586206896551724
35,8700,,500 m² construídos4 quartos,sao-francisco,500,4.0
36,12000,"Avenida Presidente Roosevelt, 410",80 m² construídos,sao-francisco,80,2.586206896551724
37,2300,"Avenida Presidente Roosevelt, 410",45 m² construídos,sao-francisco,45,2.586206896551724
38,1700,,70 m² construídos3 quartos,sao-francisco,70,3.0
39,850,Avenida Rui Barbosa,25 m² construídos1 quarto,sao-francisco,25,1.0
40,1900,Avenida Quintino Bocaiúva,50 m² construídos1 quarto,sao-francisco,50,1.0
41,10000,"Avenida Presidente Roosevelt, 410",180 m² construídos,sao-francisco,180,2.586206896551724
42,2300,"Avenida Presidente Roosevelt, 410",45 m² construídos,sao-francisco,45,2.586206896551724
43,1650,"Avenida Quintino Bocaiúva, 19",105 m² construídos2 quartos,sao-francisco,105,2.0
44,2300,,37 m² construídos,sao-francisco,37,2.586206896551724
45,15000,,250 m² construídos,sao-francisco,250,2.586206896551724
46,5500,Avenida Presidente Roosevelt,180 m² construídos,sao-francisco,180,2.586206896551724
47,3000,279,164 m² construídos3 quartos,sao-francisco,164,3.0
0,2500,410 Sala,"6,000 m² construídos",sao-francisco,6000,2.4615384615384617
1,2000,410,45 m² construídos,sao-francisco,45,2.4615384615384617
2,2000,410,45 m² construídos,sao-francisco,45,2.4615384615384617
3,2000,410,45 m² construídos,sao-francisco,45,2.4615384615384617
4,2000,410 Loc,45 m² construídos,sao-francisco,45,2.4615384615384617
5,2250,"Avenida Presidente Roosevelt, 5",85 m² construídos2 quartos,sao-francisco,85,2.0
6,2000,,75 m² construídos2 quartos,sao-francisco,75,2.0
7,20000,,500 m² construídos,sao-francisco,500,2.4615384615384617
8,12500,Avenida Quintino Bocaiúva,250 m² construídos,sao-francisco,250,2.4615384615384617
9,3900,"Avenida Rui Barbosa, 403",80 m² construídos,sao-francisco,80,2.4615384615384617
10,1500,,129 m² construídos2 quartos,sao-francisco,129,2.0
11,1200,"Avenida Quintino Bocaiúva, 583",40 m² construídos1 quarto,sao-francisco,40,1.0
12,1400,Avenida Rui Barbosa,40 m² construídos1 quarto,sao-francisco,40,1.0
13,25000,,400 m² construídos,sao-francisco,400,2.4615384615384617
14,1200,"Rua Aimorés, 126",36 m² construídos1 quarto,sao-francisco,36,1.0
15,700,"Avenida Quintino Bocaiúva, 325",32 m² construídos,sao-francisco,32,2.4615384615384617
16,1400,"Avenida Quintino Bocaiúva, 325",45 m² construídos,sao-francisco,45,2.4615384615384617
17,5550,Avenida Presidente Roosevelt,160 m² construídos,sao-francisco,160,2.4615384615384617
18,40000,Avenida Quintino Bocaiúva,470 m² construídos,sao-francisco,470,2.4615384615384617
19,15000,,250 m² construídos,sao-francisco,250,2.4615384615384617
20,40000,"Avenida Quintino Bocaiúva, 159",470 m² construídos,sao-francisco,470,2.4615384615384617
21,25000,"Avenida Quintino Bocaiúva, 183",251 m² construídos,sao-francisco,251,2.4615384615384617
22,25000,"Avenida Quintino Bocaiúva, 183",403 m² construídos,sao-francisco,403,2.4615384615384617
23,15000,"Avenida Quintino Bocaiúva, 183",251 m² construídos,sao-francisco,251,2.4615384615384617
24,15000,"Avenida Quintino Bocaiúva, 183",251 m² construídos,sao-francisco,251,2.4615384615384617
25,1100,"Avenida Rui Barbosa, 274",30 m² construídos,sao-francisco,30,2.4615384615384617
26,2500,,105 m² construídos2 quartos,sao-francisco,105,2.0
27,35000,"Avenida Quintino Bocaiúva, 159",480 m² construídos,sao-francisco,480,2.4615384615384617
28,25000,"Avenida Quintino Bocaiúva, 183",400 m² construídos,sao-francisco,400,2.4615384615384617
29,10000,"Avenida Presidente Roosevelt, 303",700 m² construídos4 quartos,sao-francisco,700,4.0
30,35000,"Avenida Quintino Bocaiúva, 183",480 m² construídos,sao-francisco,480,2.4615384615384617
31,1120,"Rua General Rondon, 159",60 m² construídos2 quartos,sao-francisco,60,2.0
32,1300,"Rua Desembargador Gastão Pache De Faria, 64",145 m² construídos4 quartos,sao-francisco,145,4.0
33,3900,,191 m² construídos4 quartos,sao-francisco,191,4.0
34,2900,,215 m² construídos4 quartos,sao-francisco,215,4.0
35,3600,,250 m² construídos3 quartos,sao-francisco,250,3.0
0,1300,,60 m² construídos2 quartos,tenente-jardim,60,2.0
0,2200,Rua Vital Brasil Filho,110 m² construídos3 quartos,vital-brazil,110,3.0
1,2500,07,105 m² construídos3 quartos,vital-brazil,105,3.0
2,3000,,105 m² construídos3 quartos,vital-brazil,105,3.0
